Subject,Position,Session,A_x,A_y,A_z,G_x,G_y,G_z,C_1,Workout
1,wrist,1,0.500253,0.499648,0.744673,0.499916,0.500223,0.499919,0.495319,Null
1,wrist,1,0.498425,0.499542,0.743709,0.500053,0.500112,0.500635,0.501056,Null
1,wrist,1,0.503172,0.500924,0.744673,0.50006,0.500274,0.499756,0.518974,Null
1,wrist,1,0.500962,0.502356,0.744867,0.500053,0.500629,0.499753,0.510901,Null
1,wrist,1,0.501346,0.498531,0.744333,0.499716,0.500176,0.5,0.510085,Null
1,wrist,1,0.50139,0.49964,0.744625,0.499478,0.499694,0.499806,0.527386,Null
1,wrist,1,0.498771,0.501956,0.743357,0.500481,0.50009,0.49984,0.482223,Null
1,wrist,1,0.497969,0.501256,0.745705,0.499932,0.50001,0.500045,0.492619,Null
1,wrist,1,0.500484,0.498483,0.743723,0.499939,0.5001,0.500119,0.493325,Null
1,wrist,1,0.501006,0.502056,0.743571,0.500052,0.500018,0.499971,0.493262,Null
1,wrist,1,0.500518,0.499023,0.746839,0.500121,0.500094,0.500362,0.510347,Null
1,wrist,1,0.499674,0.499582,0.743407,0.49991,0.499884,0.499761,0.508408,Null
1,wrist,1,0.49749,0.500702,0.745464,0.500413,0.499993,0.500212,0.549674,Null
1,wrist,1,0.499435,0.503053,0.745167,0.500159,0.500131,0.499806,0.480054,Null
1,wrist,1,0.502562,0.499242,0.74412,0.499739,0.499686,0.499816,0.522852,Null
1,wrist,1,0.501406,0.50009,0.746701,0.500319,0.499972,0.499684,0.493759,Null
1,wrist,1,0.499124,0.502413,0.744277,0.499898,0.500126,0.50018,0.49304,Null
1,wrist,1,0.499125,0.50033,0.743448,0.500305,0.500086,0.500072,0.511497,Null
1,wrist,1,0.501995,0.500709,0.745577,0.499727,0.49985,0.499881,0.471204,Null
1,wrist,1,0.500466,0.498707,0.745,0.499974,0.500524,0.499723,0.495392,Null
1,wrist,1,0.502033,0.497866,0.743301,0.500224,0.499506,0.500292,0.493658,Null
1,wrist,1,0.498154,0.50076,0.745414,0.500253,0.500189,0.499274,0.489564,Null
1,wrist,1,0.500239,0.497518,0.746678,0.500374,0.49968,0.499448,0.497639,Null
1,wrist,1,0.50095,0.498653,0.746568,0.499964,0.500307,0.500019,0.506452,Null
1,wrist,1,0.499797,0.49937,0.746881,0.499874,0.499988,0.500146,0.522168,Null
1,wrist,1,0.499882,0.498474,0.743877,0.499874,0.499813,0.500011,0.497679,Null
1,wrist,1,0.501283,0.499604,0.745265,0.499969,0.500099,0.500247,0.494513,Null
1,wrist,1,0.49967,0.499,0.745331,0.499916,0.500641,0.500086,0.497452,Null
1,wrist,1,0.499338,0.500769,0.745168,0.500468,0.500313,0.499866,0.495757,Null
1,wrist,1,0.499889,0.500274,0.74512,0.499733,0.499963,0.499964,0.481261,Null
1,wrist,1,0.497461,0.501288,0.747465,0.500226,0.50018,0.499947,0.475891,Null
1,wrist,1,0.499202,0.499483,0.745641,0.49975,0.499924,0.499962,0.513468,Null
1,wrist,1,0.499282,0.501624,0.746773,0.499937,0.499709,0.500003,0.479882,Null
1,wrist,1,0.501527,0.500584,0.744809,0.499765,0.499678,0.500398,0.473087,Null
1,wrist,1,0.499637,0.499792,0.744283,0.500006,0.499937,0.499691,0.508907,Null
1,wrist,1,0.500305,0.499486,0.743019,0.500108,0.499894,0.499841,0.500702,Null
1,wrist,1,0.499694,0.497113,0.746801,0.499924,0.499817,0.499683,0.474258,Null
1,wrist,1,0.50379,0.500543,0.744149,0.500023,0.500309,0.500246,0.461446,Null
1,wrist,1,0.498329,0.499927,0.745874,0.499451,0.500025,0.500078,0.485563,Null
1,wrist,1,0.500638,0.501003,0.745712,0.499901,0.500157,0.500558,0.455397,Null
1,wrist,1,0.500608,0.501,0.74497,0.500051,0.500269,0.49981,0.52128,Null
1,wrist,1,0.499868,0.499468,0.748542,0.50029,0.50018,0.499906,0.495913,Null
1,wrist,1,0.501456,0.49815,0.745069,0.499978,0.499272,0.499948,0.482803,Null
1,wrist,1,0.498684,0.500035,0.744856,0.500111,0.500064,0.499463,0.513906,Null
1,wrist,1,0.497614,0.501534,0.744391,0.500108,0.499699,0.500062,0.483245,Null
1,wrist,1,0.499667,0.501015,0.74672,0.500089,0.499963,0.500215,0.479918,Null
1,wrist,1,0.498368,0.499825,0.746971,0.499814,0.500026,0.500344,0.479653,Null
1,wrist,1,0.496783,0.501757,0.744186,0.499676,0.500272,0.500003,0.500469,Null
1,wrist,1,0.501025,0.49996,0.744304,0.500392,0.500073,0.499704,0.548389,Null
1,wrist,1,0.500182,0.4994,0.745479,0.49969,0.500136,0.500275,0.476088,Null
1,wrist,1,0.498892,0.501286,0.745007,0.50008,0.499992,0.499737,0.495548,Null
1,wrist,1,0.498264,0.500093,0.745649,0.500257,0.500133,0.500259,0.484182,Null
1,wrist,1,0.500575,0.49858,0.749007,0.499886,0.499937,0.499858,0.499319,Null
1,wrist,1,0.501525,0.500211,0.745868,0.499584,0.499941,0.500143,0.502405,Null
1,wrist,1,0.498954,0.499906,0.748415,0.500056,0.500198,0.50013,0.539812,Null
1,wrist,1,0.502056,0.499218,0.744774,0.500016,0.500118,0.49977,0.527605,Null
1,wrist,1,0.499898,0.499309,0.748089,0.499859,0.500196,0.500443,0.502054,Null
1,wrist,1,0.50111,0.501019,0.745182,0.499804,0.500101,0.500119,0.485684,Null
1,wrist,1,0.499312,0.501976,0.746758,0.499905,0.500177,0.499724,0.509306,Null
1,wrist,1,0.503287,0.502081,0.745829,0.500128,0.500076,0.499553,0.509627,Null
1,wrist,1,0.501984,0.499682,0.745655,0.500094,0.500255,0.50003,0.472915,Null
1,wrist,1,0.500488,0.50038,0.746676,0.50028,0.499652,0.499905,0.478992,Null
1,wrist,1,0.497116,0.500228,0.745849,0.499819,0.500295,0.500182,0.508556,Null
1,wrist,1,0.499676,0.50018,0.742854,0.4999,0.500163,0.500031,0.510994,Null
1,wrist,1,0.499474,0.502232,0.746895,0.499559,0.499968,0.499957,0.506781,Null
1,wrist,1,0.500613,0.498912,0.745023,0.499939,0.500498,0.49949,0.489318,Null
1,wrist,1,0.500526,0.500776,0.744832,0.499542,0.499851,0.499819,0.498271,Null
1,wrist,1,0.501265,0.500088,0.74593,0.499764,0.499888,0.500204,0.478904,Null
1,wrist,1,0.499296,0.501799,0.744562,0.499969,0.499767,0.499893,0.509114,Null
1,wrist,1,0.498939,0.499225,0.743473,0.500076,0.499774,0.499476,0.463978,Null
1,wrist,1,0.500797,0.503788,0.747643,0.499883,0.500265,0.500219,0.503822,Null
1,wrist,1,0.499663,0.498312,0.745512,0.499949,0.499868,0.499801,0.515697,Null
1,wrist,1,0.500478,0.500986,0.742294,0.499544,0.500249,0.499881,0.500531,Null
1,wrist,1,0.497732,0.498703,0.744738,0.499907,0.500286,0.499656,0.544624,Null
1,wrist,1,0.500793,0.498277,0.746627,0.500278,0.500057,0.499943,0.513475,Null
1,wrist,1,0.501071,0.500768,0.742163,0.500075,0.50021,0.499513,0.510497,Null
1,wrist,1,0.502483,0.501085,0.744778,0.500194,0.50014,0.499968,0.524647,Null
1,wrist,1,0.500966,0.498943,0.744803,0.500208,0.500015,0.50028,0.503617,Null
1,wrist,1,0.498311,0.500688,0.745519,0.500255,0.499903,0.499971,0.491779,Null
1,wrist,1,0.499705,0.502353,0.743505,0.499805,0.49945,0.500516,0.473395,Null
1,wrist,1,0.498146,0.501462,0.744457,0.500173,0.500087,0.499298,0.501107,Null
1,wrist,1,0.498803,0.499841,0.747206,0.499734,0.499704,0.500448,0.516459,Null
1,wrist,1,0.500146,0.500516,0.744788,0.49955,0.500204,0.500471,0.513225,Null
1,wrist,1,0.500211,0.499878,0.745665,0.499818,0.499509,0.500055,0.486983,Null
1,wrist,1,0.500297,0.498836,0.746397,0.500231,0.499495,0.500143,0.525966,Null
1,wrist,1,0.501597,0.498853,0.743723,0.500314,0.499833,0.500229,0.521691,Null
1,wrist,1,0.499886,0.500405,0.74295,0.499797,0.500034,0.499822,0.493472,Null
1,wrist,1,0.500605,0.502191,0.746219,0.499669,0.499589,0.499914,0.521623,Null
1,wrist,1,0.502442,0.499637,0.745646,0.500066,0.499602,0.499856,0.527664,Null
1,wrist,1,0.499904,0.500051,0.747012,0.500292,0.499907,0.500231,0.515377,Null
1,wrist,1,0.499722,0.500499,0.745742,0.49995,0.500274,0.500085,0.529175,Null
1,wrist,1,0.502188,0.499989,0.745286,0.500263,0.499849,0.499884,0.456213,Null
1,wrist,1,0.498304,0.500602,0.742546,0.500027,0.499973,0.499934,0.499396,Null
1,wrist,1,0.501325,0.499991,0.746328,0.500298,0.500266,0.500137,0.526853,Null
1,wrist,1,0.499477,0.499713,0.746129,0.500063,0.500754,0.500043,0.515609,Null
1,wrist,1,0.499218,0.499685,0.745997,0.500096,0.500001,0.500086,0.474666,Null
1,wrist,1,0.501003,0.502042,0.745136,0.500018,0.500206,0.499943,0.500652,Null
1,wrist,1,0.499537,0.50156,0.745448,0.500015,0.500437,0.500347,0.505199,Null
1,wrist,1,0.498921,0.500691,0.743555,0.499872,0.499699,0.499875,0.488201,Null
1,wrist,1,0.499494,0.50023,0.745017,0.49953,0.500238,0.499822,0.480805,Null
1,wrist,1,0.502476,0.500032,0.746284,0.499796,0.50008,0.500254,0.500504,Null
1,wrist,1,0.501062,0.500361,0.744314,0.499824,0.499936,0.500241,0.514158,Null
1,wrist,1,0.499972,0.499002,0.743872,0.50025,0.499838,0.500267,0.482465,Null
1,wrist,1,0.502631,0.499891,0.744241,0.499975,0.499927,0.499768,0.48959,Null
1,wrist,1,0.501059,0.498972,0.744787,0.499757,0.499315,0.499893,0.475796,Null
1,wrist,1,0.497479,0.500073,0.744423,0.5001,0.500154,0.49988,0.534287,Null
1,wrist,1,0.500102,0.498952,0.748027,0.499928,0.499821,0.500669,0.494564,Null
1,wrist,1,0.500991,0.499849,0.745303,0.500113,0.500309,0.500586,0.499301,Null
1,wrist,1,0.500305,0.500804,0.742376,0.500337,0.499752,0.50004,0.508722,Null
1,wrist,1,0.496518,0.497471,0.746087,0.499977,0.500066,0.500196,0.492697,Null
1,wrist,1,0.500999,0.498865,0.746957,0.500305,0.499982,0.49983,0.493051,Null
1,wrist,1,0.498841,0.499737,0.744615,0.499406,0.500713,0.500013,0.48246,Null
1,wrist,1,0.499037,0.498997,0.745096,0.500347,0.499708,0.500464,0.510014,Null
1,wrist,1,0.501343,0.500494,0.745205,0.499915,0.500284,0.500081,0.49522,Null
1,wrist,1,0.501749,0.501272,0.744209,0.49963,0.499953,0.499991,0.483042,Null
1,wrist,1,0.499467,0.500074,0.743711,0.499588,0.499865,0.500036,0.521418,Null
1,wrist,1,0.503502,0.500197,0.745065,0.499644,0.500304,0.500068,0.460902,Null
1,wrist,1,0.499606,0.500125,0.744432,0.499875,0.499756,0.499772,0.490425,Null
1,wrist,1,0.499319,0.499944,0.745121,0.500299,0.500272,0.500095,0.485426,Null
1,wrist,1,0.498471,0.499032,0.74476,0.499791,0.500001,0.500064,0.505419,Null
1,wrist,1,0.500516,0.499329,0.745094,0.499748,0.500028,0.500176,0.491761,Null
1,wrist,1,0.499026,0.501977,0.745943,0.500052,0.499917,0.500202,0.497032,Null
1,wrist,1,0.500869,0.499047,0.744901,0.500121,0.500396,0.499544,0.501137,Null
1,wrist,1,0.500283,0.500286,0.744031,0.499716,0.499901,0.500305,0.508762,Null
1,wrist,1,0.500779,0.499988,0.745137,0.500469,0.500094,0.499952,0.492595,Null
1,wrist,1,0.501186,0.500795,0.746487,0.499854,0.500475,0.499902,0.516767,Null
1,wrist,1,0.50137,0.499748,0.746376,0.500035,0.500497,0.499905,0.482582,Null
1,wrist,1,0.500212,0.498908,0.743673,0.500156,0.499986,0.50006,0.477091,Null
1,wrist,1,0.50155,0.497125,0.745329,0.500012,0.500032,0.50012,0.527075,Null
1,wrist,1,0.501138,0.502005,0.746333,0.499862,0.499925,0.499524,0.512871,Null
1,wrist,1,0.500183,0.50048,0.746699,0.500215,0.500488,0.49966,0.487464,Null
1,wrist,1,0.498695,0.499381,0.747178,0.499916,0.500296,0.50017,0.512217,Null
1,wrist,1,0.499694,0.498795,0.745037,0.500274,0.500122,0.500285,0.497732,Null
1,wrist,1,0.500403,0.498867,0.744998,0.500259,0.499827,0.49996,0.464291,Null
1,wrist,1,0.501578,0.500911,0.743871,0.499505,0.500081,0.499972,0.503612,Null
1,wrist,1,0.500905,0.500417,0.744172,0.499849,0.499915,0.499325,0.50554,Null
1,wrist,1,0.499249,0.501219,0.745663,0.500364,0.500102,0.500007,0.495408,Null
1,wrist,1,0.500158,0.499417,0.743604,0.49962,0.499991,0.500209,0.465235,Null
1,wrist,1,0.499869,0.500381,0.74651,0.499356,0.499992,0.499398,0.489764,Null
1,wrist,1,0.498337,0.499962,0.745704,0.500033,0.50013,0.4996,0.510953,Null
1,wrist,1,0.502563,0.499747,0.745773,0.499972,0.49987,0.499806,0.482681,Null
1,wrist,1,0.500199,0.499462,0.746374,0.500006,0.499811,0.499915,0.504107,Null
1,wrist,1,0.500972,0.497912,0.746378,0.500191,0.500124,0.49981,0.483098,Null
1,wrist,1,0.499251,0.498468,0.744922,0.499842,0.500616,0.499868,0.488975,Null
1,wrist,1,0.501548,0.500574,0.743859,0.500068,0.499982,0.500063,0.529455,Null
1,wrist,1,0.502196,0.499513,0.746411,0.499395,0.500349,0.499805,0.504801,Null
1,wrist,1,0.500502,0.499403,0.745118,0.499998,0.499959,0.499697,0.529441,Null
1,wrist,1,0.498596,0.49962,0.746555,0.499739,0.500201,0.499703,0.502548,Null
1,wrist,1,0.500449,0.501374,0.745256,0.499917,0.499634,0.500063,0.504324,Null
1,wrist,1,0.498772,0.501141,0.744529,0.500331,0.50002,0.500136,0.505116,Null
1,wrist,1,0.500447,0.500189,0.746064,0.500011,0.500148,0.499843,0.512339,Null
1,wrist,1,0.500856,0.50082,0.744845,0.499779,0.500037,0.500469,0.50347,Null
1,wrist,1,0.500903,0.497908,0.743921,0.499735,0.500364,0.499872,0.514602,Null
1,wrist,1,0.500399,0.501863,0.745873,0.500149,0.499734,0.500465,0.511152,Null
1,wrist,1,0.500249,0.500857,0.746562,0.499807,0.500028,0.499994,0.52083,Null
1,wrist,1,0.500109,0.497202,0.746611,0.500674,0.499936,0.499845,0.492847,Null
1,wrist,1,0.499811,0.503181,0.746724,0.499843,0.499821,0.499532,0.501806,Null
1,wrist,1,0.500255,0.499812,0.748703,0.500364,0.499758,0.500109,0.503148,Null
1,wrist,1,0.497871,0.50295,0.745812,0.499996,0.50016,0.499894,0.504675,Null
1,wrist,1,0.499724,0.499484,0.746143,0.499973,0.499849,0.500295,0.52542,Null
1,wrist,1,0.500988,0.500723,0.744705,0.499835,0.499162,0.499706,0.484905,Null
1,wrist,1,0.499911,0.500958,0.745458,0.500023,0.499943,0.499876,0.523675,Null
1,wrist,1,0.500315,0.498674,0.745058,0.500002,0.499742,0.499873,0.514073,Null
1,wrist,1,0.500753,0.497909,0.746243,0.500049,0.499538,0.499608,0.498448,Null
1,wrist,1,0.500092,0.501805,0.74682,0.500294,0.499581,0.500072,0.505716,Null
1,wrist,1,0.501037,0.49821,0.743835,0.500021,0.499786,0.50021,0.46822,Null
1,wrist,1,0.500466,0.498568,0.747703,0.499943,0.499997,0.499788,0.510119,Null
1,wrist,1,0.499523,0.500184,0.747524,0.499958,0.500047,0.499783,0.500004,Null
1,wrist,1,0.498394,0.502823,0.74335,0.499512,0.500159,0.499583,0.524437,Null
1,wrist,1,0.499401,0.498257,0.747645,0.499795,0.500184,0.499971,0.517751,Null
1,wrist,1,0.501821,0.499349,0.743415,0.500042,0.499861,0.499903,0.484439,Null
1,wrist,1,0.499443,0.499164,0.743867,0.500055,0.499988,0.499948,0.494964,Null
1,wrist,1,0.500284,0.498768,0.746075,0.499948,0.499917,0.499836,0.531422,Null
1,wrist,1,0.497998,0.500281,0.745307,0.500131,0.50038,0.499898,0.508322,Null
1,wrist,1,0.497895,0.498828,0.744926,0.50022,0.500146,0.499492,0.480736,Null
1,wrist,1,0.500053,0.499889,0.744873,0.499992,0.500139,0.499772,0.515194,Null
1,wrist,1,0.497669,0.499305,0.747365,0.499846,0.49973,0.499538,0.52817,Null
1,wrist,1,0.500382,0.499611,0.745599,0.500108,0.499865,0.49995,0.460669,Null
1,wrist,1,0.499437,0.498222,0.745799,0.500244,0.499906,0.500404,0.49122,Null
1,wrist,1,0.497722,0.49984,0.745152,0.499762,0.499767,0.499885,0.501302,Null
1,wrist,1,0.499331,0.499915,0.746206,0.500105,0.499873,0.499673,0.484809,Null
1,wrist,1,0.501666,0.501248,0.744438,0.500131,0.499713,0.500492,0.496997,Null
1,wrist,1,0.498296,0.500821,0.743543,0.499719,0.499994,0.499948,0.518378,Null
1,wrist,1,0.49844,0.500437,0.745306,0.499995,0.500154,0.500072,0.511614,Null
1,wrist,1,0.496762,0.500761,0.744657,0.500157,0.499999,0.499826,0.511231,Null
1,wrist,1,0.50022,0.500695,0.747704,0.500204,0.499768,0.49983,0.486995,Null
1,wrist,1,0.500088,0.497896,0.74635,0.499983,0.500013,0.500148,0.510039,Null
1,wrist,1,0.500172,0.499614,0.744717,0.500358,0.499897,0.500302,0.494179,Null
1,wrist,1,0.500579,0.50068,0.744501,0.500036,0.499819,0.500217,0.491654,Null
1,wrist,1,0.499993,0.501317,0.743202,0.499848,0.499985,0.500077,0.495054,Null
1,wrist,1,0.4999,0.498206,0.745088,0.499944,0.500019,0.499861,0.480742,Null
1,wrist,1,0.499781,0.500109,0.741989,0.499597,0.500258,0.499906,0.493035,Null
1,wrist,1,0.500424,0.498456,0.744223,0.49957,0.499876,0.500275,0.497822,Null
1,wrist,1,0.500056,0.498822,0.747588,0.499916,0.500047,0.500076,0.487473,Null
1,wrist,1,0.499797,0.500003,0.746872,0.500398,0.499942,0.500019,0.503524,Null
1,wrist,1,0.500043,0.500635,0.746598,0.50027,0.500209,0.500281,0.5041,Null
1,wrist,1,0.498603,0.501352,0.744965,0.500365,0.50013,0.500218,0.522697,Null
1,wrist,1,0.500273,0.499915,0.747878,0.499671,0.500713,0.499765,0.523238,Null
1,wrist,1,0.49939,0.500557,0.746052,0.499959,0.500166,0.499676,0.484226,Null
1,wrist,1,0.499774,0.498421,0.743965,0.500278,0.500534,0.499652,0.500275,Null
1,wrist,1,0.498708,0.499991,0.746251,0.499685,0.550183,0.500308,0.481481,ArmCurl
1,wrist,1,0.521684,0.499295,0.745042,0.499868,0.547515,0.499886,0.511078,ArmCurl
1,wrist,1,0.544454,0.501353,0.744402,0.500165,0.540502,0.500371,0.503076,ArmCurl
1,wrist,1,0.562391,0.498658,0.743874,0.499718,0.529568,0.499803,0.498697,ArmCurl
1,wrist,1,0.572118,0.499743,0.745142,0.500012,0.515538,0.499686,0.526562,ArmCurl
1,wrist,1,0.575081,0.498609,0.742785,0.500092,0.500185,0.499917,0.477328,ArmCurl
1,wrist,1,0.571249,0.501021,0.74357,0.499629,0.484685,0.500411,0.52242,ArmCurl
1,wrist,1,0.559206,0.502109,0.740842,0.4999,0.470498,0.499794,0.470925,ArmCurl
1,wrist,1,0.54476,0.500287,0.745865,0.500358,0.45929,0.499889,0.509933,ArmCurl
1,wrist,1,0.522245,0.500909,0.746611,0.500043,0.452546,0.500336,0.513902,ArmCurl
1,wrist,1,0.49961,0.502204,0.74396,0.500262,0.450032,0.50018,0.522413,ArmCurl
1,wrist,1,0.476429,0.500736,0.745659,0.499971,0.452513,0.500067,0.522352,ArmCurl
1,wrist,1,0.456777,0.500218,0.745326,0.500057,0.459753,0.499909,0.491838,ArmCurl
1,wrist,1,0.437258,0.499998,0.746017,0.500428,0.470728,0.499572,0.492345,ArmCurl
1,wrist,1,0.430387,0.49997,0.747434,0.500277,0.484787,0.500145,0.497126,ArmCurl
1,wrist,1,0.426967,0.497546,0.746476,0.500441,0.499806,0.499849,0.542073,ArmCurl
1,wrist,1,0.43006,0.498985,0.746964,0.500173,0.515993,0.500056,0.490061,ArmCurl
1,wrist,1,0.43873,0.499286,0.743609,0.500175,0.529671,0.500197,0.509721,ArmCurl
1,wrist,1,0.455756,0.499604,0.745744,0.49973,0.540567,0.499748,0.506236,ArmCurl
1,wrist,1,0.476414,0.500684,0.745676,0.499935,0.547637,0.499552,0.478046,ArmCurl
1,wrist,1,0.501182,0.49837,0.744586,0.500204,0.550255,0.50008,0.507856,ArmCurl
1,wrist,1,0.523007,0.500999,0.746263,0.50025,0.547432,0.500665,0.509346,ArmCurl
1,wrist,1,0.542881,0.499588,0.747384,0.500078,0.540817,0.500019,0.527486,ArmCurl
1,wrist,1,0.562056,0.501326,0.746634,0.499885,0.529105,0.500037,0.534714,ArmCurl
1,wrist,1,0.570539,0.499423,0.745879,0.500431,0.515376,0.499994,0.512388,ArmCurl
1,wrist,1,0.575465,0.500242,0.744086,0.499713,0.500146,0.499848,0.487961,ArmCurl
1,wrist,1,0.571264,0.500463,0.745035,0.499555,0.484729,0.49999,0.509452,ArmCurl
1,wrist,1,0.560358,0.500002,0.745789,0.500165,0.470328,0.499936,0.50715,ArmCurl
1,wrist,1,0.544312,0.501256,0.746528,0.500247,0.459489,0.499964,0.517109,ArmCurl
1,wrist,1,0.523198,0.499755,0.745494,0.50011,0.452689,0.500241,0.481174,ArmCurl
1,wrist,1,0.500265,0.500804,0.744197,0.500155,0.450052,0.50036,0.499737,ArmCurl
1,wrist,1,0.478103,0.499321,0.744816,0.500259,0.452554,0.500204,0.508724,ArmCurl
1,wrist,1,0.453761,0.499284,0.743362,0.500192,0.46007,0.499628,0.502804,ArmCurl
1,wrist,1,0.438866,0.500777,0.745198,0.500033,0.470782,0.499991,0.459586,ArmCurl
1,wrist,1,0.429723,0.501348,0.745109,0.500292,0.484733,0.500052,0.529892,ArmCurl
1,wrist,1,0.424149,0.499031,0.746538,0.499937,0.50028,0.499778,0.505247,ArmCurl
1,wrist,1,0.428053,0.49959,0.748072,0.500278,0.515454,0.499702,0.519995,ArmCurl
1,wrist,1,0.437834,0.500349,0.746376,0.499771,0.529577,0.500112,0.509551,ArmCurl
1,wrist,1,0.455835,0.501211,0.745529,0.499859,0.540512,0.499885,0.477109,ArmCurl
1,wrist,1,0.474587,0.497921,0.746122,0.500035,0.547413,0.499987,0.511641,ArmCurl
1,wrist,1,0.500146,0.50107,0.744821,0.500065,0.549967,0.500494,0.47108,ArmCurl
1,wrist,1,0.523123,0.499115,0.747435,0.49992,0.547532,0.500103,0.516228,ArmCurl
1,wrist,1,0.541578,0.501377,0.745036,0.499782,0.540036,0.499564,0.496226,ArmCurl
1,wrist,1,0.561875,0.500588,0.744938,0.49988,0.529674,0.49943,0.494901,ArmCurl
1,wrist,1,0.572919,0.500538,0.746668,0.500011,0.515521,0.500002,0.462506,ArmCurl
1,wrist,1,0.574992,0.500615,0.74536,0.499522,0.500035,0.499875,0.498423,ArmCurl
1,wrist,1,0.569891,0.501537,0.746166,0.49999,0.484759,0.500102,0.493497,ArmCurl
1,wrist,1,0.562522,0.499372,0.74453,0.500186,0.470377,0.500042,0.483186,ArmCurl
1,wrist,1,0.544038,0.50188,0.744267,0.500136,0.45904,0.499772,0.506833,ArmCurl
1,wrist,1,0.522779,0.499098,0.745081,0.499797,0.452787,0.500059,0.496764,ArmCurl
1,wrist,1,0.500642,0.500405,0.74397,0.500316,0.450042,0.500232,0.468737,ArmCurl
1,wrist,1,0.479093,0.500753,0.745337,0.499761,0.452522,0.499619,0.50316,ArmCurl
1,wrist,1,0.455744,0.500772,0.747342,0.500096,0.45881,0.499842,0.517824,ArmCurl
1,wrist,1,0.437429,0.499828,0.744261,0.500472,0.470626,0.500044,0.490531,ArmCurl
1,wrist,1,0.428026,0.500391,0.745149,0.499575,0.484381,0.500014,0.513541,ArmCurl
1,wrist,1,0.424658,0.498186,0.745428,0.499683,0.499719,0.500088,0.51334,ArmCurl
1,wrist,1,0.426927,0.501016,0.747778,0.500239,0.515453,0.500222,0.51672,ArmCurl
1,wrist,1,0.440278,0.499178,0.745695,0.500056,0.52965,0.5002,0.475799,ArmCurl
1,wrist,1,0.456512,0.500229,0.745528,0.50028,0.540379,0.499779,0.504336,ArmCurl
1,wrist,1,0.478058,0.49908,0.744966,0.500176,0.547214,0.499662,0.505637,ArmCurl
1,wrist,1,0.498587,0.502332,0.747177,0.499985,0.550209,0.500132,0.511544,ArmCurl
1,wrist,1,0.523597,0.498499,0.744149,0.499812,0.547631,0.499926,0.523777,ArmCurl
1,wrist,1,0.545609,0.500313,0.744727,0.499777,0.540694,0.500133,0.484682,ArmCurl
1,wrist,1,0.55844,0.499942,0.743996,0.500126,0.529304,0.500097,0.514666,ArmCurl
1,wrist,1,0.573478,0.50016,0.745277,0.499575,0.515398,0.499858,0.51712,ArmCurl
1,wrist,1,0.575117,0.49977,0.74429,0.500094,0.499688,0.499726,0.528557,ArmCurl
1,wrist,1,0.571628,0.500859,0.746903,0.50009,0.48465,0.499558,0.49918,ArmCurl
1,wrist,1,0.560856,0.500389,0.745349,0.499793,0.47081,0.50035,0.523972,ArmCurl
1,wrist,1,0.541821,0.500429,0.744769,0.499738,0.459529,0.500015,0.47989,ArmCurl
1,wrist,1,0.523889,0.500632,0.743405,0.499887,0.452044,0.500156,0.496219,ArmCurl
1,wrist,1,0.49994,0.499183,0.744986,0.499677,0.449831,0.50005,0.510065,ArmCurl
1,wrist,1,0.478586,0.501214,0.747188,0.499881,0.45246,0.499877,0.53736,ArmCurl
1,wrist,1,0.456356,0.500368,0.746352,0.499576,0.459524,0.499836,0.535006,ArmCurl
1,wrist,1,0.439883,0.50169,0.743952,0.50029,0.470795,0.499864,0.512614,ArmCurl
1,wrist,1,0.429972,0.502489,0.745902,0.500344,0.484492,0.500059,0.500907,ArmCurl
1,wrist,1,0.427272,0.500162,0.745801,0.500285,0.499961,0.49963,0.481145,ArmCurl
1,wrist,1,0.429097,0.498892,0.745047,0.499905,0.515342,0.500241,0.49996,ArmCurl
1,wrist,1,0.440531,0.501542,0.746156,0.499978,0.529613,0.500185,0.508441,ArmCurl
1,wrist,1,0.455701,0.501045,0.745268,0.49997,0.540439,0.500043,0.479971,ArmCurl
1,wrist,1,0.475873,0.500346,0.744072,0.500031,0.547583,0.500351,0.474791,ArmCurl
1,wrist,1,0.498227,0.499773,0.743952,0.500121,0.55056,0.500126,0.488443,ArmCurl
1,wrist,1,0.522598,0.500862,0.745003,0.500135,0.547505,0.500167,0.504496,ArmCurl
1,wrist,1,0.545371,0.502432,0.744586,0.499841,0.540639,0.499877,0.498801,ArmCurl
1,wrist,1,0.560644,0.499515,0.747283,0.500233,0.529086,0.500328,0.514804,ArmCurl
1,wrist,1,0.569272,0.501794,0.744804,0.5002,0.515612,0.500137,0.47869,ArmCurl
1,wrist,1,0.575489,0.501727,0.747946,0.499876,0.49971,0.500325,0.48431,ArmCurl
1,wrist,1,0.569674,0.4999,0.746533,0.499951,0.484889,0.500108,0.536184,ArmCurl
1,wrist,1,0.558669,0.500913,0.745143,0.500517,0.470365,0.499857,0.512395,ArmCurl
1,wrist,1,0.546549,0.499968,0.74335,0.499922,0.459708,0.500456,0.443628,ArmCurl
1,wrist,1,0.522077,0.498828,0.744895,0.500236,0.451915,0.500107,0.487762,ArmCurl
1,wrist,1,0.499427,0.49949,0.745718,0.499579,0.45005,0.499804,0.44633,ArmCurl
1,wrist,1,0.478402,0.501173,0.743758,0.500069,0.452813,0.49997,0.493767,ArmCurl
1,wrist,1,0.456995,0.498802,0.744565,0.499507,0.459543,0.499741,0.491243,ArmCurl
1,wrist,1,0.437927,0.498838,0.746781,0.499852,0.470238,0.499705,0.492731,ArmCurl
1,wrist,1,0.426953,0.501287,0.742479,0.500165,0.484461,0.499955,0.507766,ArmCurl
1,wrist,1,0.426536,0.500878,0.744891,0.500391,0.499938,0.500153,0.525431,ArmCurl
1,wrist,1,0.431685,0.499552,0.746093,0.499491,0.515585,0.499755,0.526588,ArmCurl
1,wrist,1,0.440084,0.499032,0.745522,0.499779,0.529388,0.500036,0.530855,ArmCurl
1,wrist,1,0.456136,0.49927,0.747648,0.49976,0.540628,0.500184,0.491419,ArmCurl
1,wrist,1,0.477296,0.501286,0.745218,0.499453,0.54766,0.500032,0.478328,ArmCurl
1,wrist,1,0.500923,0.500563,0.743533,0.500083,0.550048,0.50034,0.522013,ArmCurl
1,wrist,1,0.523721,0.49915,0.746671,0.49998,0.547462,0.499553,0.511565,ArmCurl
1,wrist,1,0.543528,0.499028,0.743524,0.500674,0.540507,0.500367,0.518182,ArmCurl
1,wrist,1,0.557252,0.500277,0.742262,0.500555,0.529233,0.499883,0.497567,ArmCurl
1,wrist,1,0.572701,0.499145,0.745667,0.50037,0.515311,0.499901,0.501209,ArmCurl
1,wrist,1,0.577266,0.497969,0.74455,0.499806,0.500232,0.49978,0.466963,ArmCurl
1,wrist,1,0.570332,0.502532,0.744293,0.500071,0.484679,0.500189,0.507835,ArmCurl
1,wrist,1,0.560599,0.498563,0.745339,0.499839,0.470506,0.49985,0.496043,ArmCurl
1,wrist,1,0.546215,0.500148,0.748194,0.500382,0.459343,0.499801,0.529615,ArmCurl
1,wrist,1,0.523233,0.499345,0.744023,0.500259,0.452432,0.500033,0.51071,ArmCurl
1,wrist,1,0.500741,0.498891,0.743163,0.500162,0.449956,0.500161,0.537522,ArmCurl
1,wrist,1,0.477508,0.500677,0.745422,0.500101,0.452236,0.499631,0.506541,ArmCurl
1,wrist,1,0.455774,0.499059,0.746308,0.5,0.459372,0.500379,0.480761,ArmCurl
1,wrist,1,0.440248,0.499297,0.743197,0.500249,0.470657,0.500378,0.494602,ArmCurl
1,wrist,1,0.429582,0.502473,0.744174,0.500157,0.484617,0.500691,0.514168,ArmCurl
1,wrist,1,0.424105,0.500532,0.745079,0.499991,0.499713,0.500098,0.507682,ArmCurl
1,wrist,1,0.429081,0.499618,0.745673,0.499903,0.515172,0.499924,0.494621,ArmCurl
1,wrist,1,0.440991,0.498306,0.745827,0.499957,0.529072,0.500147,0.534843,ArmCurl
1,wrist,1,0.457106,0.500514,0.746617,0.499854,0.540385,0.49972,0.481808,ArmCurl
1,wrist,1,0.47748,0.501559,0.745484,0.49973,0.547487,0.499949,0.46776,ArmCurl
1,wrist,1,0.499944,0.501494,0.745072,0.499824,0.549981,0.499659,0.472711,ArmCurl
1,wrist,1,0.525367,0.500177,0.746567,0.500065,0.547247,0.499864,0.518237,ArmCurl
1,wrist,1,0.545019,0.499064,0.742557,0.500471,0.540113,0.50012,0.508295,ArmCurl
1,wrist,1,0.561836,0.502877,0.743986,0.500326,0.529623,0.500042,0.480647,ArmCurl
1,wrist,1,0.568756,0.502233,0.746089,0.50044,0.515718,0.499936,0.475192,ArmCurl
1,wrist,1,0.575149,0.500871,0.743656,0.500041,0.500307,0.500071,0.479616,ArmCurl
1,wrist,1,0.572465,0.500105,0.744485,0.500276,0.484813,0.499537,0.504205,ArmCurl
1,wrist,1,0.560338,0.501138,0.743338,0.499982,0.470763,0.500131,0.518247,ArmCurl
1,wrist,1,0.543273,0.497531,0.746177,0.500247,0.459204,0.499962,0.484116,ArmCurl
1,wrist,1,0.524818,0.500367,0.743527,0.49946,0.452883,0.50011,0.495141,ArmCurl
1,wrist,1,0.499098,0.501143,0.747573,0.499799,0.4502,0.500114,0.503343,ArmCurl
1,wrist,1,0.476418,0.498716,0.746373,0.500088,0.452446,0.500078,0.49667,ArmCurl
1,wrist,1,0.455981,0.500855,0.746488,0.499915,0.459544,0.499842,0.525099,ArmCurl
1,wrist,1,0.439445,0.500529,0.745634,0.500009,0.470281,0.499656,0.497069,ArmCurl
1,wrist,1,0.431076,0.498467,0.744702,0.499895,0.484531,0.500067,0.507721,ArmCurl
1,wrist,1,0.426651,0.500025,0.747342,0.499732,0.500518,0.499787,0.487636,ArmCurl
1,wrist,1,0.428152,0.502796,0.745307,0.50006,0.515259,0.499926,0.517138,ArmCurl
1,wrist,1,0.437606,0.501052,0.745554,0.499833,0.528761,0.499713,0.494325,ArmCurl
1,wrist,1,0.457616,0.498929,0.745228,0.500134,0.540526,0.49987,0.515115,ArmCurl
1,wrist,1,0.4767,0.498488,0.746708,0.500167,0.54791,0.500273,0.527654,ArmCurl
1,wrist,1,0.501383,0.501363,0.744474,0.50021,0.550208,0.499766,0.491686,ArmCurl
1,wrist,1,0.52301,0.499966,0.74547,0.500204,0.547457,0.50023,0.465889,ArmCurl
1,wrist,1,0.543885,0.499675,0.742687,0.499975,0.540192,0.499915,0.470255,ArmCurl
1,wrist,1,0.562551,0.50087,0.744283,0.499943,0.529407,0.500574,0.497175,ArmCurl
1,wrist,1,0.570917,0.500133,0.746318,0.499749,0.515366,0.499673,0.496227,ArmCurl
1,wrist,1,0.575552,0.500506,0.745989,0.499777,0.499993,0.499986,0.478791,ArmCurl
1,wrist,1,0.571174,0.49868,0.74322,0.500112,0.484363,0.500574,0.492685,ArmCurl
1,wrist,1,0.560469,0.500346,0.746904,0.500052,0.470784,0.499722,0.506805,ArmCurl
1,wrist,1,0.544454,0.499524,0.745925,0.50019,0.459653,0.500092,0.505892,ArmCurl
1,wrist,1,0.522155,0.502235,0.744729,0.499794,0.452576,0.499972,0.465589,ArmCurl
1,wrist,1,0.49984,0.500859,0.746735,0.499871,0.44989,0.500125,0.487296,ArmCurl
1,wrist,1,0.477658,0.501678,0.746115,0.499979,0.452576,0.499958,0.534734,ArmCurl
1,wrist,1,0.454275,0.498954,0.742655,0.500072,0.459619,0.499536,0.500041,ArmCurl
1,wrist,1,0.439836,0.496958,0.744919,0.500142,0.470404,0.49967,0.511524,ArmCurl
1,wrist,1,0.429135,0.497426,0.748209,0.499757,0.484686,0.500017,0.495379,ArmCurl
1,wrist,1,0.426196,0.501647,0.746451,0.499773,0.500075,0.50019,0.48402,ArmCurl
1,wrist,1,0.429335,0.502549,0.743693,0.499795,0.515625,0.500096,0.480434,ArmCurl
1,wrist,1,0.440115,0.500903,0.745956,0.500016,0.529575,0.49947,0.479152,ArmCurl
1,wrist,1,0.456634,0.500622,0.745567,0.500253,0.54047,0.50017,0.489621,ArmCurl
1,wrist,1,0.476238,0.499444,0.743217,0.500281,0.546837,0.499654,0.50379,ArmCurl
1,wrist,1,0.49939,0.500391,0.745393,0.500415,0.549744,0.499628,0.547807,ArmCurl
1,wrist,1,0.524595,0.496356,0.746247,0.499967,0.547447,0.499831,0.477476,ArmCurl
1,wrist,1,0.545192,0.502825,0.743868,0.49988,0.540454,0.499932,0.504394,ArmCurl
1,wrist,1,0.559854,0.499137,0.746781,0.499856,0.529646,0.500479,0.520243,ArmCurl
1,wrist,1,0.569266,0.502648,0.745862,0.500078,0.515453,0.500165,0.491005,ArmCurl
1,wrist,1,0.574634,0.500259,0.742956,0.500332,0.499937,0.500314,0.521022,ArmCurl
1,wrist,1,0.571301,0.499151,0.742965,0.49986,0.483928,0.499825,0.519641,ArmCurl
1,wrist,1,0.55853,0.499266,0.744587,0.499344,0.470632,0.499972,0.490094,ArmCurl
1,wrist,1,0.544638,0.501822,0.745536,0.499573,0.459525,0.500131,0.457385,ArmCurl
1,wrist,1,0.525546,0.500308,0.74486,0.499733,0.452388,0.499972,0.503614,ArmCurl
1,wrist,1,0.497581,0.500867,0.744629,0.500213,0.45018,0.500127,0.523462,ArmCurl
1,wrist,1,0.477355,0.500693,0.746326,0.500052,0.452061,0.499864,0.493287,ArmCurl
1,wrist,1,0.459696,0.501325,0.744889,0.499757,0.459777,0.500154,0.515429,ArmCurl
1,wrist,1,0.440164,0.497234,0.744653,0.500056,0.470419,0.500052,0.510836,ArmCurl
1,wrist,1,0.427947,0.500445,0.747805,0.499929,0.48458,0.499415,0.447703,ArmCurl
1,wrist,1,0.424674,0.49836,0.743619,0.500426,0.499658,0.499978,0.506114,ArmCurl
1,wrist,1,0.428503,0.501333,0.74479,0.49971,0.515374,0.500054,0.495581,ArmCurl
1,wrist,1,0.440431,0.497302,0.746866,0.499742,0.52936,0.500358,0.495189,ArmCurl
1,wrist,1,0.455187,0.501104,0.743369,0.499583,0.540343,0.499866,0.484415,ArmCurl
1,wrist,1,0.4755,0.499018,0.744081,0.499921,0.547379,0.500193,0.496661,ArmCurl
1,wrist,1,0.499776,0.498536,0.743829,0.500114,0.549996,0.500084,0.484901,ArmCurl
1,wrist,1,0.522226,0.500657,0.74393,0.499667,0.547355,0.500103,0.521433,ArmCurl
1,wrist,1,0.543772,0.499535,0.747141,0.499905,0.540305,0.500035,0.499729,ArmCurl
1,wrist,1,0.558969,0.500745,0.743594,0.500201,0.529531,0.500278,0.514292,ArmCurl
1,wrist,1,0.57165,0.501124,0.74498,0.500005,0.515305,0.499413,0.516074,ArmCurl
1,wrist,1,0.574268,0.501207,0.746047,0.500386,0.499852,0.500217,0.476237,ArmCurl
1,wrist,1,0.570449,0.500463,0.743195,0.500098,0.484625,0.499774,0.46642,ArmCurl
1,wrist,1,0.560647,0.497188,0.747719,0.499758,0.470785,0.500682,0.489313,ArmCurl
1,wrist,1,0.543753,0.499155,0.74705,0.499778,0.4595,0.499438,0.518346,ArmCurl
1,wrist,1,0.523691,0.499406,0.745203,0.499892,0.452336,0.499981,0.518216,ArmCurl
1,wrist,1,0.502264,0.499596,0.745872,0.499921,0.449769,0.500174,0.492718,ArmCurl
1,wrist,1,0.479667,0.502868,0.747245,0.50008,0.452404,0.500393,0.480844,ArmCurl
1,wrist,1,0.454362,0.502437,0.744278,0.499986,0.459944,0.500103,0.463373,ArmCurl
1,wrist,1,0.439652,0.500535,0.743205,0.499676,0.470483,0.499893,0.506346,ArmCurl
1,wrist,1,0.429149,0.501853,0.746461,0.499935,0.484577,0.500025,0.487456,ArmCurl
1,wrist,1,0.426131,0.500147,0.743876,0.499947,0.499908,0.500184,0.521946,ArmCurl
1,wrist,1,0.430157,0.501531,0.748159,0.499977,0.515312,0.499965,0.47809,ArmCurl
1,wrist,1,0.439074,0.500619,0.745768,0.500211,0.528973,0.500098,0.49219,ArmCurl
1,wrist,1,0.455293,0.501137,0.745428,0.500267,0.540403,0.499996,0.460088,ArmCurl
1,wrist,1,0.476688,0.499277,0.745604,0.499772,0.547617,0.499721,0.502389,ArmCurl
1,wrist,1,0.502282,0.501238,0.746627,0.499827,0.549505,0.499963,0.506699,ArmCurl
1,wrist,1,0.522384,0.500593,0.745862,0.500136,0.547536,0.500131,0.485087,ArmCurl
1,wrist,1,0.545869,0.49797,0.744946,0.5003,0.540668,0.499998,0.504226,ArmCurl
1,wrist,1,0.562339,0.498113,0.743998,0.500304,0.52936,0.499788,0.520787,ArmCurl
1,wrist,1,0.571721,0.502447,0.745606,0.500144,0.515539,0.499905,0.494209,ArmCurl
1,wrist,1,0.576343,0.498599,0.744855,0.499607,0.49951,0.499863,0.510593,ArmCurl
1,wrist,1,0.570654,0.498225,0.745473,0.500427,0.484231,0.49978,0.501022,ArmCurl
1,wrist,1,0.561522,0.49862,0.744408,0.500189,0.470889,0.500177,0.463418,ArmCurl
1,wrist,1,0.544148,0.501541,0.741805,0.500069,0.459427,0.500318,0.517576,ArmCurl
1,wrist,1,0.523515,0.496305,0.744177,0.499572,0.452282,0.50019,0.445812,ArmCurl
1,wrist,1,0.499467,0.50053,0.744917,0.500014,0.450059,0.499948,0.479298,ArmCurl
1,wrist,1,0.477224,0.500532,0.743301,0.499906,0.452602,0.499934,0.527861,ArmCurl
1,wrist,1,0.456442,0.499477,0.746049,0.500097,0.459497,0.499861,0.47817,ArmCurl
1,wrist,1,0.438653,0.499134,0.744291,0.500214,0.470095,0.499541,0.479664,ArmCurl
1,wrist,1,0.429929,0.501494,0.74648,0.500235,0.484532,0.500105,0.480965,ArmCurl
1,wrist,1,0.426805,0.498197,0.745541,0.500016,0.499793,0.499927,0.478233,ArmCurl
1,wrist,1,0.430256,0.500318,0.744378,0.499994,0.515413,0.499709,0.48573,ArmCurl
1,wrist,1,0.440011,0.502144,0.744659,0.49997,0.529263,0.500036,0.507702,ArmCurl
1,wrist,1,0.457628,0.499816,0.744676,0.49968,0.539858,0.500078,0.463211,ArmCurl
1,wrist,1,0.477113,0.49908,0.7452,0.499822,0.547143,0.500361,0.487846,ArmCurl
1,wrist,1,0.498947,0.500161,0.744406,0.500035,0.549836,0.500059,0.491706,ArmCurl
1,wrist,1,0.525856,0.498778,0.745951,0.499863,0.547364,0.499745,0.524803,ArmCurl
1,wrist,1,0.543927,0.501336,0.745748,0.500343,0.54046,0.499875,0.501717,ArmCurl
1,wrist,1,0.56091,0.497759,0.744182,0.499561,0.529713,0.500218,0.443197,ArmCurl
1,wrist,1,0.571294,0.501887,0.742273,0.499675,0.515579,0.499965,0.520906,ArmCurl
1,wrist,1,0.573453,0.501213,0.744331,0.499846,0.499873,0.500099,0.492043,ArmCurl
1,wrist,1,0.572048,0.501724,0.74449,0.499758,0.484345,0.499744,0.471066,ArmCurl
1,wrist,1,0.561673,0.501275,0.74541,0.500049,0.470742,0.500092,0.485617,ArmCurl
1,wrist,1,0.544206,0.499838,0.745435,0.500297,0.459641,0.500308,0.499092,ArmCurl
1,wrist,1,0.522874,0.501937,0.744384,0.500123,0.452374,0.500251,0.515692,ArmCurl
1,wrist,1,0.498366,0.500937,0.745496,0.499982,0.44972,0.500578,0.541226,ArmCurl
1,wrist,1,0.474674,0.501979,0.746215,0.499928,0.452552,0.500118,0.49731,ArmCurl
1,wrist,1,0.455969,0.499886,0.745354,0.499386,0.459505,0.499909,0.526993,ArmCurl
1,wrist,1,0.439349,0.500853,0.743144,0.500298,0.470963,0.500237,0.467602,ArmCurl
1,wrist,1,0.430739,0.501144,0.745511,0.499806,0.484009,0.500254,0.515096,ArmCurl
1,wrist,1,0.425353,0.500274,0.745969,0.499759,0.500186,0.50027,0.509155,ArmCurl
1,wrist,1,0.428771,0.500355,0.743867,0.500387,0.515437,0.500282,0.486417,ArmCurl
1,wrist,1,0.438232,0.500638,0.745601,0.499764,0.529285,0.499978,0.490249,ArmCurl
1,wrist,1,0.456431,0.501716,0.742901,0.500272,0.540597,0.500007,0.490243,ArmCurl
1,wrist,1,0.478864,0.500535,0.743863,0.499758,0.547354,0.499991,0.517471,ArmCurl
1,wrist,1,0.499714,0.501194,0.744436,0.499483,0.54996,0.500129,0.496676,ArmCurl
1,wrist,1,0.525556,0.499693,0.74651,0.499889,0.547496,0.499828,0.443142,ArmCurl
1,wrist,1,0.547322,0.501978,0.744085,0.499871,0.540466,0.500111,0.47546,ArmCurl
1,wrist,1,0.560979,0.497588,0.745409,0.499916,0.529457,0.499817,0.519174,ArmCurl
1,wrist,1,0.569632,0.500692,0.74579,0.500004,0.515148,0.500119,0.512051,ArmCurl
1,wrist,1,0.574957,0.498888,0.746024,0.499453,0.500152,0.500107,0.528218,ArmCurl
1,wrist,1,0.573722,0.499473,0.745354,0.499552,0.484663,0.500093,0.522387,ArmCurl
1,wrist,1,0.560039,0.498479,0.746207,0.499731,0.470873,0.500265,0.519744,ArmCurl
1,wrist,1,0.543986,0.500131,0.744924,0.49991,0.459401,0.500181,0.515368,ArmCurl
1,wrist,1,0.523145,0.500876,0.744939,0.499854,0.452143,0.500179,0.477194,ArmCurl
1,wrist,1,0.501752,0.501204,0.745148,0.500014,0.449938,0.499655,0.475365,ArmCurl
1,wrist,1,0.475705,0.500045,0.747224,0.500086,0.452556,0.500067,0.490791,ArmCurl
1,wrist,1,0.455569,0.500391,0.742743,0.500247,0.459024,0.499837,0.520088,ArmCurl
1,wrist,1,0.43755,0.499863,0.747171,0.49994,0.470598,0.499971,0.495499,ArmCurl
1,wrist,1,0.427029,0.499185,0.74608,0.499913,0.484612,0.499653,0.473399,ArmCurl
1,wrist,1,0.426078,0.500713,0.746708,0.499915,0.500023,0.500108,0.528742,ArmCurl
1,wrist,1,0.427499,0.501069,0.746677,0.500261,0.515347,0.500018,0.487321,ArmCurl
1,wrist,1,0.437262,0.501266,0.74497,0.500027,0.529496,0.500127,0.531068,ArmCurl
1,wrist,1,0.455386,0.499224,0.744612,0.500044,0.540623,0.499554,0.479032,ArmCurl
1,wrist,1,0.476552,0.499057,0.746462,0.500036,0.547567,0.500093,0.503328,ArmCurl
1,wrist,1,0.498444,0.498478,0.744858,0.499919,0.549673,0.499728,0.468294,ArmCurl
1,wrist,1,0.521127,0.500519,0.745445,0.500159,0.54745,0.500196,0.490639,ArmCurl
1,wrist,1,0.54465,0.501144,0.744691,0.500009,0.540647,0.499966,0.504075,ArmCurl
1,wrist,1,0.561043,0.500151,0.745505,0.499651,0.529317,0.500374,0.508112,ArmCurl
1,wrist,1,0.569413,0.499838,0.743669,0.499745,0.515359,0.500272,0.500157,ArmCurl
1,wrist,1,0.57552,0.501909,0.746784,0.500204,0.500091,0.499906,0.487384,ArmCurl
1,wrist,1,0.571622,0.500242,0.74649,0.500063,0.4845,0.499989,0.468063,ArmCurl
1,wrist,1,0.558466,0.496792,0.747289,0.500132,0.470876,0.49995,0.521232,ArmCurl
1,wrist,1,0.54472,0.49693,0.743265,0.499777,0.459629,0.500172,0.497852,ArmCurl
1,wrist,1,0.524107,0.497217,0.745503,0.499843,0.452392,0.499756,0.483191,ArmCurl
1,wrist,1,0.498741,0.49985,0.745185,0.500033,0.44974,0.500249,0.53188,ArmCurl
1,wrist,1,0.477195,0.502252,0.744389,0.49967,0.452653,0.500142,0.512481,ArmCurl
1,wrist,1,0.456319,0.499498,0.745235,0.500018,0.459427,0.499668,0.463346,ArmCurl
1,wrist,1,0.439674,0.50106,0.745947,0.500063,0.470711,0.499906,0.500028,ArmCurl
1,wrist,1,0.428277,0.501452,0.743365,0.500512,0.484292,0.500175,0.514211,ArmCurl
1,wrist,1,0.425056,0.501208,0.743323,0.500242,0.499808,0.499884,0.52061,ArmCurl
1,wrist,1,0.429362,0.500262,0.744974,0.4997,0.515523,0.49991,0.514991,ArmCurl
1,wrist,1,0.437248,0.501543,0.745335,0.499798,0.529188,0.499921,0.503142,ArmCurl
1,wrist,1,0.452763,0.499107,0.745171,0.499761,0.540347,0.499621,0.506421,ArmCurl
1,wrist,1,0.474341,0.498953,0.744447,0.50001,0.547561,0.500579,0.543789,ArmCurl
1,wrist,1,0.500311,0.499396,0.746089,0.500162,0.550265,0.500207,0.515438,ArmCurl
1,wrist,1,0.521835,0.500578,0.743316,0.500248,0.547459,0.500032,0.521823,ArmCurl
1,wrist,1,0.542903,0.501592,0.743128,0.50001,0.540312,0.500023,0.49899,ArmCurl
1,wrist,1,0.560992,0.501257,0.744764,0.500015,0.528923,0.499999,0.492484,ArmCurl
1,wrist,1,0.573225,0.500232,0.746382,0.499956,0.515247,0.499929,0.496834,ArmCurl
1,wrist,1,0.576151,0.499795,0.74587,0.499911,0.499766,0.500091,0.533657,ArmCurl
1,wrist,1,0.569979,0.501856,0.746436,0.500242,0.485153,0.500207,0.491441,ArmCurl
1,wrist,1,0.560169,0.498654,0.744764,0.499903,0.47034,0.499526,0.501862,ArmCurl
1,wrist,1,0.542753,0.501972,0.747169,0.500074,0.459125,0.499572,0.509475,ArmCurl
1,wrist,1,0.524045,0.498617,0.744033,0.500209,0.452448,0.50007,0.503125,ArmCurl
1,wrist,1,0.499932,0.50118,0.745114,0.499587,0.44992,0.500188,0.484451,ArmCurl
1,wrist,1,0.476769,0.500396,0.745553,0.500371,0.452209,0.499689,0.509395,ArmCurl
1,wrist,1,0.455937,0.500643,0.745303,0.499901,0.459124,0.499927,0.485209,ArmCurl
1,wrist,1,0.439739,0.501151,0.745627,0.500377,0.470161,0.5,0.493034,ArmCurl
1,wrist,1,0.429208,0.498978,0.743475,0.500159,0.484283,0.499939,0.530889,ArmCurl
1,wrist,1,0.426816,0.502833,0.744773,0.500341,0.50046,0.500019,0.526158,ArmCurl
1,wrist,1,0.428238,0.499239,0.747123,0.500132,0.515431,0.499726,0.45802,ArmCurl
1,wrist,1,0.438931,0.499629,0.74503,0.500226,0.529356,0.499592,0.483235,ArmCurl
1,wrist,1,0.457141,0.500201,0.746296,0.499873,0.540459,0.500339,0.521683,ArmCurl
1,wrist,1,0.477435,0.500173,0.744612,0.500065,0.547218,0.499786,0.527061,ArmCurl
1,wrist,1,0.498248,0.499299,0.746167,0.499478,0.550564,0.499681,0.513168,ArmCurl
1,wrist,1,0.521431,0.500762,0.744843,0.499933,0.547358,0.499847,0.535275,ArmCurl
1,wrist,1,0.544843,0.500121,0.746157,0.500086,0.54049,0.499815,0.449693,ArmCurl
1,wrist,1,0.558365,0.500611,0.744958,0.500078,0.529845,0.500155,0.468552,ArmCurl
1,wrist,1,0.570784,0.500065,0.747065,0.499961,0.515242,0.499977,0.527817,ArmCurl
1,wrist,1,0.576004,0.498532,0.746313,0.500186,0.500069,0.500477,0.49519,ArmCurl
1,wrist,1,0.573374,0.500158,0.739969,0.499568,0.484455,0.499956,0.48177,ArmCurl
1,wrist,1,0.562009,0.50038,0.744658,0.499909,0.47035,0.500007,0.510788,ArmCurl
1,wrist,1,0.542321,0.498573,0.74421,0.500274,0.459183,0.500561,0.493316,ArmCurl
1,wrist,1,0.523707,0.499127,0.744328,0.500372,0.452337,0.499972,0.492997,ArmCurl
1,wrist,1,0.50068,0.497102,0.744437,0.499634,0.450115,0.500001,0.484789,ArmCurl
1,wrist,1,0.475196,0.500624,0.742543,0.499749,0.452349,0.500166,0.529413,ArmCurl
1,wrist,1,0.456834,0.498334,0.746633,0.500036,0.459688,0.499749,0.529283,ArmCurl
1,wrist,1,0.437745,0.499524,0.744391,0.499898,0.470711,0.499245,0.460306,ArmCurl
1,wrist,1,0.428783,0.49911,0.744732,0.500004,0.484179,0.499937,0.497685,ArmCurl
1,wrist,1,0.425235,0.496094,0.742842,0.499614,0.500155,0.500507,0.525171,ArmCurl
1,wrist,1,0.428995,0.500805,0.746507,0.499886,0.515288,0.499939,0.502066,ArmCurl
1,wrist,1,0.438619,0.502147,0.742548,0.499998,0.529483,0.500286,0.499276,ArmCurl
1,wrist,1,0.455733,0.501041,0.746568,0.500392,0.540341,0.499931,0.496886,ArmCurl
1,wrist,1,0.476409,0.500256,0.745189,0.500005,0.547746,0.499926,0.482824,ArmCurl
1,wrist,1,0.500324,0.501549,0.744282,0.499949,0.550099,0.499567,0.508989,ArmCurl
1,wrist,1,0.521153,0.500814,0.745738,0.499528,0.547618,0.499901,0.520301,ArmCurl
1,wrist,1,0.543629,0.499343,0.744692,0.499843,0.540716,0.500132,0.502737,ArmCurl
1,wrist,1,0.560731,0.499896,0.743116,0.499581,0.529206,0.49986,0.551798,ArmCurl
1,wrist,1,0.571293,0.499545,0.746149,0.500223,0.515753,0.499695,0.488973,ArmCurl
1,wrist,1,0.576308,0.500149,0.746077,0.500368,0.49989,0.49994,0.493645,ArmCurl
1,wrist,1,0.571623,0.500646,0.745527,0.49953,0.484146,0.499762,0.536419,ArmCurl
1,wrist,1,0.561006,0.500034,0.743409,0.50023,0.47068,0.500117,0.515146,ArmCurl
1,wrist,1,0.542211,0.500322,0.745177,0.500526,0.459616,0.500201,0.490781,ArmCurl
1,wrist,1,0.522906,0.499747,0.745426,0.500161,0.452269,0.500162,0.527573,ArmCurl
1,wrist,1,0.499493,0.501412,0.745125,0.499832,0.449876,0.500237,0.507021,ArmCurl
1,wrist,1,0.47925,0.500732,0.745049,0.500123,0.452697,0.500019,0.536042,ArmCurl
1,wrist,1,0.455894,0.500104,0.745662,0.500514,0.459048,0.500037,0.481292,ArmCurl
1,wrist,1,0.442183,0.499624,0.744799,0.499781,0.470508,0.499795,0.530013,ArmCurl
1,wrist,1,0.426723,0.499084,0.742972,0.499835,0.4848,0.499966,0.487321,ArmCurl
1,wrist,1,0.424498,0.500052,0.746619,0.499922,0.499804,0.499773,0.502216,ArmCurl
1,wrist,1,0.427388,0.497971,0.74605,0.500211,0.515485,0.499829,0.518605,ArmCurl
1,wrist,1,0.438821,0.499961,0.749774,0.499914,0.529572,0.500007,0.477297,ArmCurl
1,wrist,1,0.454264,0.499083,0.745485,0.500073,0.540557,0.499975,0.51407,ArmCurl
1,wrist,1,0.474297,0.500698,0.747171,0.500088,0.547398,0.500282,0.518162,ArmCurl
1,wrist,1,0.501049,0.500513,0.745829,0.499993,0.550448,0.499926,0.512872,ArmCurl
1,wrist,1,0.522676,0.499467,0.745857,0.499893,0.547408,0.499528,0.503795,ArmCurl
1,wrist,1,0.544648,0.501093,0.743367,0.499851,0.540509,0.499645,0.515997,ArmCurl
1,wrist,1,0.562093,0.500028,0.74594,0.49975,0.529498,0.500495,0.45666,ArmCurl
1,wrist,1,0.569988,0.498643,0.743467,0.499597,0.515332,0.49997,0.488199,ArmCurl
1,wrist,1,0.573472,0.500573,0.743413,0.500486,0.500546,0.49975,0.517723,ArmCurl
1,wrist,1,0.570429,0.500124,0.744912,0.500125,0.484489,0.500056,0.476104,ArmCurl
1,wrist,1,0.560486,0.499448,0.745501,0.499922,0.47037,0.499839,0.537827,ArmCurl
1,wrist,1,0.544736,0.498685,0.746516,0.500007,0.459976,0.499927,0.501437,ArmCurl
1,wrist,1,0.523069,0.499123,0.745359,0.499846,0.452402,0.499931,0.497054,ArmCurl
1,wrist,1,0.502399,0.499222,0.74319,0.499993,0.449954,0.500099,0.524919,ArmCurl
1,wrist,1,0.477835,0.501646,0.745603,0.499996,0.452418,0.499833,0.492015,ArmCurl
1,wrist,1,0.455778,0.49951,0.743845,0.499799,0.459358,0.499683,0.465218,ArmCurl
1,wrist,1,0.438479,0.501678,0.743915,0.500011,0.470763,0.500233,0.456276,ArmCurl
1,wrist,1,0.427662,0.502217,0.745705,0.499922,0.484104,0.500198,0.497146,ArmCurl
1,wrist,1,0.425544,0.500885,0.743515,0.500096,0.500161,0.499924,0.526015,ArmCurl
1,wrist,1,0.428789,0.500836,0.74436,0.500289,0.515516,0.500151,0.510444,ArmCurl
1,wrist,1,0.440043,0.498939,0.74536,0.499758,0.528999,0.500151,0.52768,ArmCurl
1,wrist,1,0.456701,0.501567,0.744907,0.500242,0.540565,0.49987,0.449682,ArmCurl
1,wrist,1,0.476048,0.498383,0.745575,0.500073,0.547801,0.500101,0.518808,ArmCurl
1,wrist,1,0.501189,0.500996,0.744818,0.500094,0.549408,0.499814,0.50601,ArmCurl
1,wrist,1,0.522624,0.500928,0.746878,0.50003,0.547238,0.500094,0.515841,ArmCurl
1,wrist,1,0.54252,0.500908,0.745122,0.499908,0.540299,0.500306,0.49058,ArmCurl
1,wrist,1,0.562953,0.500447,0.74562,0.499875,0.529136,0.500137,0.509271,ArmCurl
1,wrist,1,0.572332,0.500565,0.745486,0.500394,0.515391,0.499596,0.487884,ArmCurl
1,wrist,1,0.577383,0.499534,0.744574,0.499987,0.499848,0.500267,0.466346,ArmCurl
1,wrist,1,0.571502,0.499613,0.745722,0.499822,0.484642,0.500221,0.494381,ArmCurl
1,wrist,1,0.56139,0.500066,0.745712,0.49993,0.471304,0.499977,0.491545,ArmCurl
1,wrist,1,0.544348,0.500952,0.74425,0.500161,0.459745,0.500194,0.487221,ArmCurl
1,wrist,1,0.523943,0.497735,0.74539,0.500057,0.452541,0.500291,0.504491,ArmCurl
1,wrist,1,0.501237,0.498597,0.744508,0.500028,0.449951,0.49996,0.485483,ArmCurl
1,wrist,1,0.478143,0.499249,0.745702,0.499539,0.452431,0.500274,0.521677,ArmCurl
1,wrist,1,0.454093,0.499076,0.742431,0.500002,0.45953,0.50002,0.53019,ArmCurl
1,wrist,1,0.439276,0.500857,0.745495,0.499437,0.470461,0.499581,0.521925,ArmCurl
1,wrist,1,0.429298,0.499921,0.745714,0.499948,0.484547,0.499958,0.492039,ArmCurl
1,wrist,1,0.426704,0.497864,0.745975,0.499572,0.500003,0.500028,0.492297,ArmCurl
1,wrist,1,0.429161,0.498295,0.743382,0.500268,0.515342,0.499976,0.485715,ArmCurl
1,wrist,1,0.43589,0.501458,0.744747,0.499463,0.52933,0.499833,0.530898,ArmCurl
1,wrist,1,0.454027,0.500793,0.745734,0.500152,0.540267,0.500158,0.50137,ArmCurl
1,wrist,1,0.476142,0.498331,0.748063,0.499744,0.547668,0.500218,0.504015,ArmCurl
1,wrist,1,0.499961,0.497255,0.743903,0.499823,0.550054,0.499789,0.498676,ArmCurl
1,wrist,1,0.522593,0.501021,0.745147,0.499998,0.547813,0.500067,0.470573,ArmCurl
1,wrist,1,0.54239,0.500234,0.748105,0.499856,0.540793,0.500267,0.516437,ArmCurl
1,wrist,1,0.561379,0.497832,0.741947,0.499646,0.529602,0.499857,0.482014,ArmCurl
1,wrist,1,0.573247,0.500522,0.742363,0.499873,0.515335,0.500015,0.488403,ArmCurl
1,wrist,1,0.574403,0.498045,0.744221,0.499687,0.500294,0.500006,0.510008,ArmCurl
1,wrist,1,0.570449,0.500097,0.746147,0.500556,0.484138,0.500475,0.545768,ArmCurl
1,wrist,1,0.558346,0.499633,0.744688,0.500188,0.470042,0.499832,0.543163,ArmCurl
1,wrist,1,0.543552,0.497813,0.74443,0.499466,0.459287,0.50005,0.488589,ArmCurl
1,wrist,1,0.525157,0.501869,0.746334,0.499719,0.452361,0.500194,0.546668,ArmCurl
1,wrist,1,0.50132,0.497011,0.744511,0.499713,0.450058,0.499678,0.510933,ArmCurl
1,wrist,1,0.477496,0.502098,0.744987,0.500015,0.452642,0.500226,0.478982,ArmCurl
1,wrist,1,0.454438,0.499541,0.744738,0.500025,0.459521,0.499926,0.50545,ArmCurl
1,wrist,1,0.439344,0.501634,0.743028,0.499932,0.470483,0.50005,0.505589,ArmCurl
1,wrist,1,0.425861,0.502681,0.746591,0.499988,0.484535,0.500271,0.492531,ArmCurl
1,wrist,1,0.425332,0.499437,0.743857,0.49991,0.499927,0.500224,0.499249,ArmCurl
1,wrist,1,0.427966,0.498607,0.74575,0.500148,0.515651,0.49996,0.49322,ArmCurl
1,wrist,1,0.439041,0.500758,0.745601,0.500092,0.529143,0.499796,0.465063,ArmCurl
1,wrist,1,0.456818,0.499913,0.745374,0.50011,0.540788,0.499813,0.4835,ArmCurl
1,wrist,1,0.477553,0.498914,0.745982,0.499881,0.547478,0.499646,0.519122,ArmCurl
1,wrist,1,0.49947,0.499694,0.745417,0.500069,0.499776,0.499835,0.511256,Null
1,wrist,1,0.500651,0.501401,0.745288,0.500181,0.499855,0.499909,0.505632,Null
1,wrist,1,0.499018,0.498624,0.745732,0.500241,0.499902,0.500217,0.491532,Null
1,wrist,1,0.499125,0.501366,0.748181,0.500107,0.500199,0.499924,0.515242,Null
1,wrist,1,0.498974,0.499904,0.743242,0.499972,0.500171,0.499923,0.466436,Null
1,wrist,1,0.49898,0.500073,0.744576,0.499872,0.500122,0.500185,0.510024,Null
1,wrist,1,0.499154,0.500402,0.743669,0.500185,0.500099,0.499655,0.521356,Null
1,wrist,1,0.499278,0.501302,0.744763,0.499945,0.499984,0.50014,0.490355,Null
1,wrist,1,0.50113,0.501268,0.745233,0.500563,0.500341,0.499996,0.490868,Null
1,wrist,1,0.499974,0.500878,0.744019,0.5002,0.499821,0.499999,0.503727,Null
1,wrist,1,0.498994,0.501074,0.745055,0.500191,0.500451,0.500057,0.501736,Null
1,wrist,1,0.50171,0.500903,0.745415,0.499429,0.49959,0.500032,0.524838,Null
1,wrist,1,0.499584,0.500235,0.745039,0.500253,0.500241,0.500156,0.512287,Null
1,wrist,1,0.498958,0.498935,0.744974,0.499736,0.499272,0.499728,0.506263,Null
1,wrist,1,0.502373,0.499693,0.742904,0.500044,0.499865,0.500191,0.486015,Null
1,wrist,1,0.499557,0.499353,0.745561,0.500126,0.499932,0.500096,0.509308,Null
1,wrist,1,0.49934,0.499646,0.743832,0.49985,0.500444,0.500068,0.503949,Null
1,wrist,1,0.500437,0.501079,0.746541,0.50019,0.500102,0.500381,0.500784,Null
1,wrist,1,0.501016,0.499104,0.746078,0.499885,0.500156,0.500092,0.451333,Null
1,wrist,1,0.500093,0.499945,0.746643,0.499913,0.500272,0.499932,0.530197,Null
1,wrist,1,0.499803,0.499541,0.746127,0.499897,0.500204,0.500187,0.496252,Null
1,wrist,1,0.499557,0.49926,0.746468,0.500225,0.500039,0.49962,0.486982,Null
1,wrist,1,0.498875,0.503014,0.743857,0.499643,0.4999,0.499617,0.50907,Null
1,wrist,1,0.501468,0.500241,0.744829,0.500111,0.500059,0.499834,0.537284,Null
1,wrist,1,0.498073,0.500546,0.745509,0.499975,0.500069,0.500278,0.49005,Null
1,wrist,1,0.500575,0.500159,0.744335,0.500009,0.499844,0.499997,0.511532,Null
1,wrist,1,0.500131,0.500287,0.74707,0.499786,0.500214,0.50027,0.490063,Null
1,wrist,1,0.502036,0.501368,0.747276,0.500242,0.499941,0.499681,0.493072,Null
1,wrist,1,0.498193,0.502115,0.744339,0.500135,0.499776,0.500133,0.503981,Null
1,wrist,1,0.500634,0.500597,0.746527,0.499516,0.499869,0.500367,0.494892,Null
1,wrist,1,0.49811,0.500662,0.746193,0.499827,0.500343,0.499802,0.471932,Null
1,wrist,1,0.498667,0.49803,0.743375,0.500624,0.500193,0.499772,0.500847,Null
1,wrist,1,0.501404,0.498293,0.74533,0.500659,0.49975,0.50041,0.513515,Null
1,wrist,1,0.500572,0.49968,0.747503,0.499813,0.500226,0.499753,0.518827,Null
1,wrist,1,0.500179,0.500056,0.743332,0.500195,0.500695,0.500187,0.504641,Null
1,wrist,1,0.498772,0.499798,0.743801,0.499859,0.499853,0.499237,0.493047,Null
1,wrist,1,0.502941,0.500636,0.745563,0.499725,0.500158,0.499998,0.478776,Null
1,wrist,1,0.500571,0.499621,0.744909,0.499829,0.500189,0.49995,0.490597,Null
1,wrist,1,0.50176,0.500031,0.742364,0.499995,0.499977,0.500014,0.513557,Null
1,wrist,1,0.50419,0.499895,0.747396,0.49982,0.499612,0.499884,0.519064,Null
1,wrist,1,0.49946,0.50145,0.744139,0.499565,0.499909,0.500057,0.538951,Null
1,wrist,1,0.500137,0.502468,0.74454,0.500461,0.500146,0.500232,0.511247,Null
1,wrist,1,0.497854,0.500147,0.747481,0.50002,0.499989,0.500009,0.472917,Null
1,wrist,1,0.501788,0.501364,0.744168,0.50007,0.500119,0.500019,0.503281,Null
1,wrist,1,0.501505,0.500728,0.744024,0.500237,0.499955,0.499668,0.495166,Null
1,wrist,1,0.49943,0.500921,0.743831,0.500397,0.499851,0.500398,0.510769,Null
1,wrist,1,0.500512,0.500676,0.745391,0.500101,0.499911,0.499668,0.475722,Null
1,wrist,1,0.501395,0.50185,0.745174,0.499983,0.500081,0.500515,0.523189,Null
1,wrist,1,0.500497,0.498194,0.742812,0.499832,0.499889,0.500227,0.506508,Null
1,wrist,1,0.498874,0.500356,0.745304,0.499934,0.499991,0.500168,0.509063,Null
1,wrist,1,0.501047,0.501319,0.743439,0.500016,0.499468,0.500275,0.480104,Null
1,wrist,1,0.498412,0.500228,0.745225,0.500066,0.500369,0.50013,0.488011,Null
1,wrist,1,0.49895,0.499088,0.747166,0.499718,0.500215,0.50024,0.484969,Null
1,wrist,1,0.499823,0.499371,0.743156,0.500333,0.500168,0.500316,0.496924,Null
1,wrist,1,0.500863,0.50227,0.744709,0.500169,0.499814,0.500409,0.500347,Null
1,wrist,1,0.499926,0.499834,0.746413,0.500673,0.500024,0.500137,0.490274,Null
1,wrist,1,0.50218,0.500637,0.744817,0.50006,0.499924,0.499562,0.479038,Null
1,wrist,1,0.500371,0.499823,0.743775,0.499898,0.49957,0.499741,0.512972,Null
1,wrist,1,0.500949,0.498751,0.745272,0.499778,0.499658,0.499997,0.502253,Null
1,wrist,1,0.501933,0.498339,0.746198,0.500369,0.499844,0.499863,0.485947,Null
1,wrist,1,0.500727,0.499735,0.743663,0.499758,0.499816,0.500016,0.483043,Null
1,wrist,1,0.500926,0.499169,0.745495,0.499796,0.500136,0.49944,0.493276,Null
1,wrist,1,0.498693,0.500463,0.744405,0.499816,0.499839,0.500039,0.493237,Null
1,wrist,1,0.500339,0.497833,0.746387,0.500075,0.499708,0.499811,0.511585,Null
1,wrist,1,0.500273,0.502216,0.743701,0.500323,0.499726,0.500418,0.504365,Null
1,wrist,1,0.500077,0.500549,0.746013,0.500074,0.500319,0.500058,0.512058,Null
1,wrist,1,0.500944,0.500812,0.747464,0.500226,0.500014,0.499664,0.508568,Null
1,wrist,1,0.498438,0.497003,0.744132,0.499768,0.499956,0.500258,0.501555,Null
1,wrist,1,0.502997,0.499838,0.746267,0.499985,0.499668,0.499985,0.522353,Null
1,wrist,1,0.499108,0.500363,0.744643,0.500098,0.499855,0.500294,0.51777,Null
1,wrist,1,0.499542,0.500256,0.746733,0.49991,0.499759,0.499885,0.525362,Null
1,wrist,1,0.500054,0.499716,0.744615,0.499885,0.500042,0.500195,0.504274,Null
1,wrist,1,0.499667,0.499437,0.746065,0.500056,0.499817,0.499597,0.476541,Null
1,wrist,1,0.49973,0.500013,0.74436,0.499697,0.499813,0.500113,0.517576,Null
1,wrist,1,0.500709,0.498939,0.747631,0.500094,0.500022,0.500044,0.548857,Null
1,wrist,1,0.498814,0.499312,0.744781,0.49999,0.500086,0.499657,0.46807,Null
1,wrist,1,0.501673,0.502687,0.747574,0.500436,0.499638,0.500107,0.491773,Null
1,wrist,1,0.499943,0.502368,0.745858,0.500045,0.500194,0.499898,0.495366,Null
1,wrist,1,0.500152,0.501,0.747888,0.499644,0.499705,0.499886,0.522174,Null
1,wrist,1,0.499433,0.500055,0.745938,0.500579,0.500119,0.499904,0.49489,Null
1,wrist,1,0.500377,0.49955,0.74486,0.500282,0.500417,0.500574,0.475715,Null
1,wrist,1,0.499262,0.50172,0.745004,0.500032,0.500537,0.499975,0.51113,Null
1,wrist,1,0.499377,0.499845,0.747681,0.499941,0.500197,0.5001,0.501665,Null
1,wrist,1,0.499859,0.499794,0.745726,0.500015,0.500711,0.500017,0.517653,Null
1,wrist,1,0.49906,0.502439,0.74551,0.499752,0.500114,0.50019,0.497754,Null
1,wrist,1,0.500159,0.499142,0.743864,0.499877,0.499754,0.500253,0.508668,Null
1,wrist,1,0.500176,0.500345,0.744511,0.500139,0.499877,0.500147,0.518285,Null
1,wrist,1,0.498499,0.499646,0.745355,0.500056,0.499794,0.500273,0.509335,Null
1,wrist,1,0.499903,0.501072,0.745084,0.500132,0.500169,0.500144,0.455493,Null
1,wrist,1,0.499887,0.502007,0.745063,0.500031,0.50016,0.500147,0.490042,Null
1,wrist,1,0.501363,0.50078,0.744509,0.500501,0.500098,0.500044,0.531502,Null
1,wrist,1,0.501194,0.500812,0.747092,0.500028,0.500225,0.500304,0.505862,Null
1,wrist,1,0.500614,0.501628,0.748302,0.500126,0.500001,0.500359,0.49563,Null
1,wrist,1,0.500378,0.49981,0.746015,0.499501,0.500314,0.500064,0.510323,Null
1,wrist,1,0.499721,0.500387,0.742611,0.499837,0.499754,0.500079,0.468422,Null
1,wrist,1,0.500077,0.500857,0.747522,0.499829,0.499869,0.500091,0.508058,Null
1,wrist,1,0.500969,0.499154,0.745389,0.499955,0.500186,0.499956,0.494295,Null
1,wrist,1,0.497884,0.501695,0.744639,0.499809,0.499681,0.499797,0.477449,Null
1,wrist,1,0.500787,0.499665,0.745962,0.50024,0.499876,0.500031,0.473166,Null
1,wrist,1,0.501671,0.5007,0.746331,0.500465,0.500004,0.499767,0.545334,Null
1,wrist,1,0.499982,0.50111,0.745705,0.499861,0.500294,0.500275,0.531247,Null
1,wrist,1,0.499664,0.500123,0.744807,0.500351,0.499504,0.500256,0.481207,Null
1,wrist,1,0.499032,0.500583,0.747044,0.499887,0.499616,0.500337,0.51632,Null
1,wrist,1,0.498169,0.501137,0.745261,0.500806,0.500143,0.500249,0.529588,Null
1,wrist,1,0.501493,0.499504,0.747648,0.499921,0.500005,0.50027,0.487189,Null
1,wrist,1,0.501588,0.499516,0.746477,0.500158,0.500221,0.500091,0.492749,Null
1,wrist,1,0.50069,0.500566,0.744248,0.499823,0.499975,0.499629,0.523357,Null
1,wrist,1,0.500159,0.499827,0.742714,0.500002,0.499849,0.500577,0.53046,Null
1,wrist,1,0.498977,0.500085,0.746903,0.500031,0.499937,0.499886,0.508293,Null
1,wrist,1,0.50083,0.501374,0.744621,0.500102,0.499911,0.50002,0.533518,Null
1,wrist,1,0.500552,0.499694,0.745025,0.500236,0.499945,0.499763,0.507628,Null
1,wrist,1,0.499188,0.500443,0.745235,0.500051,0.500076,0.500059,0.513385,Null
1,wrist,1,0.501616,0.498597,0.746914,0.499902,0.500224,0.499726,0.486671,Null
1,wrist,1,0.498087,0.500963,0.746008,0.500079,0.500429,0.499829,0.48678,Null
1,wrist,1,0.50034,0.499117,0.745112,0.499926,0.500099,0.499813,0.48006,Null
1,wrist,1,0.497727,0.498764,0.744177,0.499875,0.500053,0.499863,0.486657,Null
1,wrist,1,0.502204,0.500325,0.746459,0.499822,0.500146,0.499679,0.471798,Null
1,wrist,1,0.500597,0.500941,0.745007,0.499694,0.499916,0.499471,0.496539,Null
1,wrist,1,0.49917,0.498803,0.745591,0.500118,0.500211,0.500228,0.509728,Null
1,wrist,1,0.498722,0.501502,0.744099,0.49964,0.499681,0.499569,0.484453,Null
1,wrist,1,0.499808,0.498878,0.74585,0.500456,0.500038,0.50042,0.477256,Null
1,wrist,1,0.50056,0.500282,0.744066,0.49977,0.500148,0.500174,0.53415,Null
1,wrist,1,0.501535,0.499075,0.745025,0.49985,0.499978,0.499815,0.464501,Null
1,wrist,1,0.501556,0.500853,0.745155,0.500473,0.499574,0.49988,0.521073,Null
1,wrist,1,0.500387,0.5012,0.744073,0.49995,0.499799,0.499938,0.497828,Null
1,wrist,1,0.501043,0.498824,0.745569,0.499915,0.500066,0.500424,0.469765,Null
1,wrist,1,0.500066,0.501024,0.745941,0.500344,0.499853,0.499945,0.483233,Null
1,wrist,1,0.500605,0.500889,0.745855,0.500092,0.49983,0.500151,0.450934,Null
1,wrist,1,0.500831,0.499588,0.744905,0.500154,0.49998,0.500095,0.496229,Null
1,wrist,1,0.499885,0.499349,0.745674,0.500024,0.499328,0.499574,0.539437,Null
1,wrist,1,0.500142,0.500802,0.744021,0.50001,0.50017,0.499966,0.50458,Null
1,wrist,1,0.499444,0.501708,0.745022,0.500136,0.499744,0.500106,0.49363,Null
1,wrist,1,0.499728,0.499749,0.745685,0.500419,0.500293,0.500001,0.474468,Null
1,wrist,1,0.49935,0.499155,0.744492,0.500058,0.499346,0.499853,0.503474,Null
1,wrist,1,0.498245,0.498958,0.745642,0.499944,0.500154,0.49984,0.509148,Null
1,wrist,1,0.500189,0.501916,0.746004,0.500202,0.499994,0.499527,0.474263,Null
1,wrist,1,0.498154,0.49988,0.745213,0.49955,0.500326,0.499812,0.490753,Null
1,wrist,1,0.498226,0.500289,0.743143,0.500508,0.500194,0.499985,0.520332,Null
1,wrist,1,0.499547,0.501159,0.745376,0.499522,0.500072,0.499569,0.484212,Null
1,wrist,1,0.50059,0.500314,0.744695,0.49969,0.499859,0.500161,0.537216,Null
1,wrist,1,0.500043,0.49857,0.743986,0.499667,0.500024,0.499592,0.486755,Null
1,wrist,1,0.500963,0.499265,0.74438,0.500399,0.49971,0.499818,0.48746,Null
1,wrist,1,0.501647,0.498235,0.744846,0.499951,0.499685,0.499715,0.503368,Null
1,wrist,1,0.500292,0.499322,0.746902,0.499864,0.499468,0.499894,0.514454,Null
1,wrist,1,0.502146,0.502178,0.744377,0.500136,0.500081,0.500343,0.524889,Null
1,wrist,1,0.500173,0.49929,0.744711,0.500386,0.500014,0.500409,0.468826,Null
1,wrist,1,0.501267,0.497552,0.746323,0.500128,0.500224,0.499831,0.509659,Null
1,wrist,1,0.49851,0.498904,0.7436,0.499793,0.499473,0.499948,0.500663,Null
1,wrist,1,0.500833,0.501577,0.746546,0.500117,0.499812,0.500012,0.503711,Null
1,wrist,1,0.499857,0.502069,0.7448,0.499969,0.500304,0.500448,0.515973,Null
1,wrist,1,0.499642,0.498383,0.747464,0.500142,0.50024,0.500403,0.490934,Null
1,wrist,1,0.499218,0.501338,0.746014,0.499977,0.499858,0.499935,0.462148,Null
1,wrist,1,0.500334,0.500125,0.744657,0.500213,0.499736,0.499832,0.496473,Null
1,wrist,1,0.502463,0.497946,0.745526,0.500379,0.50003,0.500096,0.524146,Null
1,wrist,1,0.501523,0.500384,0.743877,0.499598,0.500226,0.500705,0.494469,Null
1,wrist,1,0.499359,0.500003,0.744063,0.499874,0.500159,0.500244,0.496437,Null
1,wrist,1,0.498661,0.49894,0.745898,0.500444,0.500165,0.499803,0.495828,Null
1,wrist,1,0.501925,0.500751,0.746685,0.500551,0.499583,0.499647,0.481121,Null
1,wrist,1,0.501287,0.502245,0.746082,0.499944,0.499927,0.499932,0.502543,Null
1,wrist,1,0.49902,0.50157,0.745223,0.5004,0.499933,0.500103,0.470572,Null
1,wrist,1,0.502108,0.499135,0.744802,0.500223,0.499804,0.499889,0.497679,Null
1,wrist,1,0.500053,0.500687,0.746965,0.500407,0.500055,0.500168,0.474898,Null
1,wrist,1,0.498852,0.497004,0.745356,0.500216,0.499362,0.500339,0.49385,Null
1,wrist,1,0.499735,0.498679,0.746246,0.500086,0.499894,0.500254,0.524679,Null
1,wrist,1,0.498956,0.498731,0.744181,0.499989,0.500338,0.500307,0.502538,Null
1,wrist,1,0.500755,0.500778,0.747377,0.500076,0.499987,0.499636,0.488876,Null
1,wrist,1,0.499156,0.498676,0.744677,0.500158,0.50029,0.500371,0.488396,Null
1,wrist,1,0.500233,0.498896,0.746055,0.499875,0.500261,0.499994,0.50776,Null
1,wrist,1,0.499752,0.500311,0.744165,0.500155,0.500247,0.50007,0.507206,Null
1,wrist,1,0.499445,0.499349,0.745701,0.500257,0.500066,0.499759,0.50757,Null
1,wrist,1,0.50136,0.49836,0.746978,0.499943,0.5003,0.499819,0.472978,Null
1,wrist,1,0.499692,0.50145,0.745005,0.499684,0.499932,0.499882,0.511437,Null
1,wrist,1,0.500914,0.499668,0.745279,0.500088,0.500283,0.500073,0.495834,Null
1,wrist,1,0.498338,0.499571,0.74602,0.499737,0.500041,0.500087,0.481033,Null
1,wrist,1,0.500201,0.501272,0.746473,0.500387,0.499724,0.499578,0.513985,Null
1,wrist,1,0.50048,0.498663,0.746821,0.499684,0.499901,0.500023,0.499457,Null
1,wrist,1,0.500535,0.499764,0.746096,0.499803,0.500285,0.500046,0.501552,Null
1,wrist,1,0.499803,0.499389,0.746479,0.500167,0.500008,0.499781,0.518809,Null
1,wrist,1,0.500875,0.501746,0.742569,0.499929,0.500222,0.49967,0.515767,Null
1,wrist,1,0.502156,0.498436,0.746023,0.499329,0.50013,0.499963,0.487846,Null
1,wrist,1,0.500084,0.500443,0.746668,0.500064,0.499685,0.499639,0.486343,Null
1,wrist,1,0.499993,0.501275,0.744043,0.499992,0.500192,0.499884,0.488562,Null
1,wrist,1,0.498738,0.497831,0.745564,0.499828,0.499882,0.500287,0.483604,Null
1,wrist,1,0.49908,0.499956,0.745475,0.499948,0.499955,0.499988,0.50546,Null
1,wrist,1,0.50005,0.499439,0.745544,0.500288,0.49997,0.499976,0.486478,Null
1,wrist,1,0.501694,0.499815,0.745274,0.499614,0.500057,0.499756,0.502419,Null
1,wrist,1,0.500516,0.49764,0.745487,0.499933,0.500336,0.499832,0.512388,Null
1,wrist,1,0.501337,0.498955,0.745471,0.499921,0.49993,0.499997,0.511312,Null
1,wrist,1,0.49815,0.498551,0.747802,0.500447,0.499801,0.499952,0.49098,Null
1,wrist,1,0.503867,0.50112,0.745591,0.499954,0.5001,0.499826,0.501332,Null
1,wrist,1,0.49966,0.499725,0.744287,0.500243,0.500232,0.500544,0.486845,Null
1,wrist,1,0.500981,0.499606,0.744793,0.499749,0.500751,0.499976,0.53331,Null
1,wrist,1,0.500505,0.500274,0.744638,0.499357,0.500105,0.499931,0.485745,Null
1,wrist,1,0.500317,0.499381,0.745491,0.500098,0.500155,0.499937,0.491111,Null
1,wrist,1,0.497991,0.500965,0.743681,0.5,0.499696,0.500129,0.530209,Null
1,wrist,1,0.500696,0.499275,0.744599,0.499898,0.500162,0.499836,0.489452,Null
1,wrist,1,0.500311,0.49992,0.743231,0.49999,0.499963,0.49949,0.521372,Null
1,wrist,1,0.500859,0.499903,0.74794,0.499815,0.500312,0.499765,0.502747,Null
1,wrist,1,0.499625,0.498302,0.744761,0.500002,0.499713,0.500042,0.531147,Null
1,wrist,1,0.500786,0.500435,0.743063,0.499824,0.5001,0.499789,0.487694,Null
1,leg,1,0.50111,0.501246,0.746204,0.50017,0.500206,0.500202,0.499292,Null
1,leg,1,0.49875,0.498761,0.74502,0.500075,0.499757,0.499659,0.472157,Null
1,leg,1,0.502098,0.502486,0.74535,0.49986,0.499752,0.499943,0.480405,Null
1,leg,1,0.500557,0.502964,0.743578,0.499844,0.499799,0.499813,0.511764,Null
1,leg,1,0.500185,0.500289,0.743773,0.50032,0.500035,0.500249,0.469345,Null
1,leg,1,0.500563,0.501495,0.74633,0.499788,0.500125,0.500441,0.510161,Null
1,leg,1,0.501692,0.499766,0.746122,0.500065,0.499907,0.499711,0.501587,Null
1,leg,1,0.499761,0.499238,0.745326,0.500207,0.500539,0.5002,0.512034,Null
1,leg,1,0.499129,0.498688,0.744842,0.499686,0.499713,0.499984,0.509998,Null
1,leg,1,0.501334,0.502782,0.743027,0.499969,0.500422,0.500337,0.492404,Null
1,leg,1,0.499895,0.500985,0.745535,0.50028,0.500154,0.500044,0.539915,Null
1,leg,1,0.50136,0.498922,0.743464,0.500155,0.499817,0.500136,0.459234,Null
1,leg,1,0.500006,0.498538,0.744109,0.499779,0.500307,0.499772,0.472681,Null
1,leg,1,0.498681,0.500577,0.74467,0.499994,0.500046,0.500226,0.535242,Null
1,leg,1,0.500407,0.502409,0.743591,0.499968,0.500103,0.499837,0.502156,Null
1,leg,1,0.499,0.498394,0.746373,0.500033,0.500104,0.50003,0.468324,Null
1,leg,1,0.497443,0.500783,0.747399,0.500218,0.50028,0.500267,0.513507,Null
1,leg,1,0.499832,0.501496,0.746455,0.50018,0.499873,0.49972,0.52021,Null
1,leg,1,0.499727,0.501275,0.745611,0.500048,0.499885,0.499428,0.516408,Null
1,leg,1,0.49944,0.501257,0.744257,0.5005,0.500226,0.499682,0.504749,Null
1,leg,1,0.499468,0.502065,0.748002,0.499992,0.500055,0.500121,0.500746,Null
1,leg,1,0.499403,0.498625,0.747007,0.500329,0.499678,0.49979,0.5019,Null
1,leg,1,0.499769,0.500138,0.745217,0.499607,0.499987,0.500105,0.492733,Null
1,leg,1,0.499633,0.499994,0.748558,0.500049,0.500062,0.500195,0.463664,Null
1,leg,1,0.501878,0.500031,0.744501,0.49991,0.499986,0.500175,0.503741,Null
1,leg,1,0.496204,0.501086,0.745317,0.500258,0.499689,0.499874,0.516107,Null
1,leg,1,0.50103,0.503067,0.747918,0.500367,0.500307,0.499694,0.493484,Null
1,leg,1,0.49846,0.499824,0.745429,0.500509,0.500527,0.499993,0.504434,Null
1,leg,1,0.500046,0.498129,0.744861,0.500043,0.49991,0.49944,0.491712,Null
1,leg,1,0.49813,0.501579,0.744145,0.500074,0.500336,0.49953,0.517001,Null
1,leg,1,0.50164,0.501082,0.744452,0.499801,0.50019,0.500346,0.476626,Null
1,leg,1,0.498627,0.499608,0.743802,0.499765,0.500256,0.500126,0.445435,Null
1,leg,1,0.497156,0.501948,0.745133,0.499708,0.499705,0.50027,0.528186,Null
1,leg,1,0.49747,0.499054,0.746096,0.50021,0.500288,0.49987,0.526777,Null
1,leg,1,0.498996,0.500078,0.744263,0.499983,0.500196,0.499914,0.502209,Null
1,leg,1,0.500605,0.50014,0.744694,0.5001,0.500426,0.49993,0.47849,Null
1,leg,1,0.501159,0.500218,0.743137,0.500071,0.499941,0.500316,0.478109,Null
1,leg,1,0.501291,0.500536,0.74494,0.499575,0.499976,0.499851,0.512486,Null
1,leg,1,0.499156,0.499856,0.745598,0.499824,0.499836,0.50001,0.487283,Null
1,leg,1,0.499803,0.499771,0.744083,0.500174,0.499868,0.500008,0.513974,Null
1,leg,1,0.501804,0.501834,0.747405,0.499811,0.499824,0.499868,0.517202,Null
1,leg,1,0.498353,0.498019,0.74317,0.499785,0.499858,0.499527,0.517978,Null
1,leg,1,0.499351,0.500338,0.744433,0.499815,0.499978,0.500118,0.527692,Null
1,leg,1,0.50027,0.502801,0.743472,0.499888,0.49984,0.499888,0.518209,Null
1,leg,1,0.499378,0.501419,0.747538,0.500395,0.500153,0.500257,0.53065,Null
1,leg,1,0.500795,0.500764,0.744219,0.500151,0.499973,0.499887,0.525682,Null
1,leg,1,0.501089,0.500884,0.745617,0.500195,0.500626,0.499799,0.505881,Null
1,leg,1,0.501627,0.50126,0.745029,0.499917,0.500148,0.500391,0.516134,Null
1,leg,1,0.501443,0.499901,0.746232,0.499873,0.499884,0.499783,0.46714,Null
1,leg,1,0.500182,0.500234,0.745034,0.499754,0.500093,0.499735,0.508441,Null
1,leg,1,0.498924,0.499197,0.744235,0.500116,0.50006,0.499949,0.510266,Null
1,leg,1,0.498974,0.497304,0.748595,0.499946,0.499473,0.499841,0.511081,Null
1,leg,1,0.498467,0.49948,0.746266,0.4996,0.499679,0.500231,0.475229,Null
1,leg,1,0.500306,0.500105,0.743622,0.499879,0.5002,0.500271,0.47401,Null
1,leg,1,0.500182,0.500775,0.744948,0.500155,0.500162,0.499844,0.49594,Null
1,leg,1,0.500615,0.499743,0.746199,0.500072,0.499988,0.500673,0.517428,Null
1,leg,1,0.499658,0.502713,0.746964,0.499857,0.499939,0.500642,0.476633,Null
1,leg,1,0.504514,0.502147,0.74272,0.500092,0.500199,0.49971,0.481966,Null
1,leg,1,0.5006,0.498513,0.745865,0.499974,0.499904,0.500286,0.537952,Null
1,leg,1,0.499083,0.498587,0.74497,0.500245,0.499906,0.499917,0.454683,Null
1,leg,1,0.501379,0.497928,0.743153,0.500293,0.499661,0.499364,0.523827,Null
1,leg,1,0.499011,0.498311,0.745472,0.500209,0.500011,0.500506,0.491303,Null
1,leg,1,0.50001,0.49976,0.746195,0.499748,0.500098,0.499512,0.455959,Null
1,leg,1,0.500311,0.499284,0.74505,0.500054,0.49951,0.499991,0.500821,Null
1,leg,1,0.500408,0.499014,0.745,0.500389,0.49997,0.499871,0.485012,Null
1,leg,1,0.50146,0.499379,0.745509,0.500112,0.500469,0.500609,0.534323,Null
1,leg,1,0.500751,0.500221,0.743677,0.499829,0.500107,0.499673,0.501551,Null
1,leg,1,0.498142,0.500274,0.744875,0.499921,0.500033,0.500136,0.473314,Null
1,leg,1,0.500884,0.500788,0.745428,0.499825,0.499506,0.499967,0.51166,Null
1,leg,1,0.503535,0.500869,0.743604,0.500048,0.499996,0.50003,0.479485,Null
1,leg,1,0.500727,0.500721,0.74639,0.499853,0.499754,0.500243,0.509852,Null
1,leg,1,0.497778,0.49733,0.746144,0.499719,0.50002,0.499837,0.543768,Null
1,leg,1,0.501589,0.497794,0.746374,0.500212,0.500283,0.500145,0.46988,Null
1,leg,1,0.497442,0.500958,0.743862,0.499998,0.500011,0.500301,0.476445,Null
1,leg,1,0.499615,0.499288,0.746822,0.500153,0.499868,0.499944,0.489078,Null
1,leg,1,0.500614,0.499036,0.745959,0.499952,0.499743,0.499888,0.507522,Null
1,leg,1,0.499364,0.50082,0.74473,0.500127,0.500401,0.499682,0.504026,Null
1,leg,1,0.502256,0.501155,0.744323,0.499952,0.500193,0.499872,0.511913,Null
1,leg,1,0.500388,0.49939,0.745194,0.500144,0.499555,0.50034,0.49526,Null
1,leg,1,0.501472,0.499995,0.747075,0.500065,0.500048,0.500002,0.515624,Null
1,leg,1,0.501183,0.499646,0.745041,0.500055,0.499978,0.500011,0.49983,Null
1,leg,1,0.502073,0.500916,0.746123,0.499989,0.500215,0.499632,0.495022,Null
1,leg,1,0.501947,0.501712,0.744627,0.499878,0.500482,0.499914,0.492683,Null
1,leg,1,0.498601,0.498123,0.744273,0.499663,0.500315,0.500006,0.51207,Null
1,leg,1,0.498632,0.50129,0.745393,0.500066,0.499848,0.500144,0.495556,Null
1,leg,1,0.499418,0.501582,0.748026,0.499953,0.499714,0.500065,0.520425,Null
1,leg,1,0.499929,0.499704,0.74332,0.500154,0.499817,0.499788,0.487091,Null
1,leg,1,0.50133,0.501019,0.743827,0.50029,0.499821,0.500377,0.508103,Null
1,leg,1,0.501063,0.500157,0.746967,0.500407,0.500252,0.500323,0.494552,Null
1,leg,1,0.502868,0.500562,0.744655,0.500237,0.50035,0.49976,0.492909,Null
1,leg,1,0.498643,0.498735,0.744348,0.500093,0.499949,0.49996,0.496329,Null
1,leg,1,0.498105,0.500418,0.744801,0.500644,0.499957,0.500076,0.511818,Null
1,leg,1,0.499493,0.499249,0.744498,0.500051,0.499476,0.499977,0.52525,Null
1,leg,1,0.49973,0.49803,0.745777,0.500029,0.499852,0.499874,0.522896,Null
1,leg,1,0.502056,0.500877,0.745698,0.499935,0.499949,0.500126,0.535215,Null
1,leg,1,0.500808,0.501085,0.746173,0.500305,0.500382,0.500078,0.510248,Null
1,leg,1,0.499754,0.499616,0.744281,0.500558,0.50004,0.499632,0.478851,Null
1,leg,1,0.499273,0.499939,0.742471,0.499766,0.500442,0.500164,0.443982,Null
1,leg,1,0.499747,0.500161,0.745172,0.499873,0.500113,0.499845,0.506785,Null
1,leg,1,0.501088,0.499974,0.744181,0.499639,0.499738,0.499795,0.492017,Null
1,leg,1,0.500078,0.50154,0.744968,0.499792,0.499816,0.500136,0.521073,Null
1,leg,1,0.498796,0.498464,0.744638,0.499961,0.499658,0.500006,0.479133,Null
1,leg,1,0.499771,0.500092,0.745839,0.499967,0.500112,0.499732,0.482725,Null
1,leg,1,0.500959,0.503023,0.744994,0.499811,0.500482,0.499934,0.538652,Null
1,leg,1,0.499853,0.501669,0.746959,0.500082,0.499965,0.500101,0.511208,Null
1,leg,1,0.498459,0.500148,0.746286,0.500079,0.499687,0.49987,0.522226,Null
1,leg,1,0.500187,0.500151,0.743983,0.499601,0.500034,0.500327,0.523115,Null
1,leg,1,0.503277,0.501392,0.747517,0.499899,0.499837,0.499954,0.501926,Null
1,leg,1,0.500993,0.497679,0.744135,0.499971,0.500178,0.499633,0.48904,Null
1,leg,1,0.500461,0.498366,0.746007,0.499753,0.499947,0.500028,0.499699,Null
1,leg,1,0.498982,0.499355,0.746304,0.499789,0.500045,0.499863,0.501824,Null
1,leg,1,0.499094,0.498764,0.746021,0.49987,0.500326,0.500201,0.499118,Null
1,leg,1,0.499753,0.500014,0.744755,0.500297,0.50024,0.499714,0.493166,Null
1,leg,1,0.500866,0.50094,0.745048,0.499855,0.499705,0.499887,0.501096,Null
1,leg,1,0.499241,0.501342,0.74549,0.499901,0.499956,0.499769,0.483487,Null
1,leg,1,0.498924,0.500577,0.745234,0.499769,0.50013,0.499798,0.542454,Null
1,leg,1,0.50004,0.499097,0.745554,0.500171,0.499954,0.499601,0.526154,Null
1,leg,1,0.501822,0.500591,0.744709,0.499857,0.499351,0.500165,0.4867,Null
1,leg,1,0.500929,0.498723,0.746616,0.499671,0.499851,0.500064,0.498591,Null
1,leg,1,0.498127,0.499093,0.74728,0.499978,0.500141,0.499908,0.50788,Null
1,leg,1,0.50153,0.501371,0.746093,0.49939,0.500159,0.499755,0.493057,Null
1,leg,1,0.499342,0.498585,0.745963,0.499414,0.499822,0.500057,0.476102,Null
1,leg,1,0.50067,0.499426,0.744875,0.499874,0.500257,0.500362,0.524952,Null
1,leg,1,0.49992,0.500255,0.744161,0.499669,0.49982,0.499664,0.469333,Null
1,leg,1,0.498299,0.499867,0.745455,0.499935,0.499986,0.499877,0.489131,Null
1,leg,1,0.501997,0.501792,0.746675,0.500036,0.499832,0.499692,0.465143,Null
1,leg,1,0.497247,0.498348,0.74432,0.499917,0.500474,0.499987,0.450209,Null
1,leg,1,0.501702,0.501566,0.744714,0.500096,0.499919,0.499999,0.510617,Null
1,leg,1,0.500674,0.501234,0.745483,0.500276,0.50021,0.500204,0.523925,Null
1,leg,1,0.50153,0.499195,0.745624,0.499937,0.500148,0.499914,0.517874,Null
1,leg,1,0.500733,0.499872,0.745975,0.499882,0.500376,0.499984,0.477911,Null
1,leg,1,0.501129,0.498578,0.745069,0.499455,0.49995,0.499669,0.487824,Null
1,leg,1,0.500602,0.499525,0.745124,0.500192,0.499858,0.499887,0.494808,Null
1,leg,1,0.502051,0.500047,0.744497,0.499815,0.499953,0.500032,0.483688,Null
1,leg,1,0.499669,0.500586,0.744926,0.499788,0.500064,0.499798,0.475601,Null
1,leg,1,0.499677,0.500041,0.742944,0.500589,0.499667,0.500462,0.524587,Null
1,leg,1,0.499682,0.499566,0.745306,0.50011,0.500251,0.499931,0.477128,Null
1,leg,1,0.499348,0.499503,0.743179,0.499849,0.499731,0.500214,0.482942,Null
1,leg,1,0.500279,0.49959,0.744313,0.499703,0.499301,0.500245,0.521357,Null
1,leg,1,0.500114,0.501591,0.744148,0.499968,0.500332,0.500092,0.503616,Null
1,leg,1,0.501161,0.499419,0.74663,0.499833,0.50029,0.500383,0.487355,Null
1,leg,1,0.500791,0.498819,0.748366,0.500138,0.500286,0.500237,0.499692,Null
1,leg,1,0.499492,0.499937,0.747677,0.499995,0.499971,0.49991,0.514218,Null
1,leg,1,0.497661,0.498918,0.74528,0.499811,0.499692,0.500083,0.493671,Null
1,leg,1,0.50001,0.500293,0.744331,0.499979,0.50011,0.500451,0.510825,Null
1,leg,1,0.498663,0.499715,0.745848,0.499931,0.499742,0.49989,0.509758,Null
1,leg,1,0.502161,0.500904,0.743758,0.499883,0.500007,0.500659,0.502971,Null
1,leg,1,0.497897,0.501807,0.745594,0.49951,0.500194,0.5,0.500355,Null
1,leg,1,0.498808,0.501282,0.744872,0.500326,0.50042,0.49978,0.505317,Null
1,leg,1,0.500476,0.500008,0.744018,0.499892,0.500195,0.500023,0.511126,Null
1,leg,1,0.500681,0.49894,0.745501,0.499749,0.499761,0.49963,0.501676,Null
1,leg,1,0.499311,0.500432,0.744863,0.500093,0.49991,0.499821,0.468137,Null
1,leg,1,0.500654,0.497986,0.744783,0.500217,0.500048,0.499989,0.484746,Null
1,leg,1,0.502471,0.498917,0.746136,0.500375,0.500202,0.500376,0.509605,Null
1,leg,1,0.500872,0.499711,0.747666,0.499584,0.499744,0.499642,0.48657,Null
1,leg,1,0.499594,0.501616,0.744352,0.49937,0.500078,0.499914,0.493371,Null
1,leg,1,0.496966,0.499851,0.74512,0.50001,0.500524,0.500046,0.507568,Null
1,leg,1,0.501394,0.499254,0.745055,0.49969,0.500612,0.500088,0.509069,Null
1,leg,1,0.502221,0.499321,0.747564,0.499924,0.500132,0.499647,0.493608,Null
1,leg,1,0.500643,0.499195,0.745211,0.500037,0.500308,0.500149,0.503955,Null
1,leg,1,0.500103,0.500662,0.745525,0.499791,0.500367,0.499918,0.510695,Null
1,leg,1,0.501019,0.500856,0.74586,0.499738,0.500249,0.499681,0.499644,Null
1,leg,1,0.499059,0.498301,0.745155,0.499927,0.499742,0.500202,0.479956,Null
1,leg,1,0.500631,0.499462,0.74353,0.50041,0.499952,0.499669,0.469333,Null
1,leg,1,0.498534,0.50112,0.746639,0.500144,0.499759,0.499909,0.512122,Null
1,leg,1,0.500063,0.500584,0.745277,0.499826,0.499972,0.499964,0.502898,Null
1,leg,1,0.501789,0.499529,0.743795,0.499611,0.499811,0.500172,0.534084,Null
1,leg,1,0.499279,0.500124,0.743086,0.499777,0.499899,0.500004,0.440139,Null
1,leg,1,0.501076,0.500316,0.74584,0.499887,0.499684,0.500174,0.492209,Null
1,leg,1,0.501531,0.499685,0.744775,0.500404,0.500199,0.499277,0.471364,Null
1,leg,1,0.498833,0.501832,0.744926,0.499814,0.500031,0.499947,0.481305,Null
1,leg,1,0.49745,0.496769,0.742691,0.50035,0.500005,0.500251,0.502338,Null
1,leg,1,0.499508,0.502713,0.747812,0.500137,0.500202,0.499962,0.482428,Null
1,leg,1,0.502031,0.501408,0.746989,0.499788,0.499811,0.499864,0.511733,Null
1,leg,1,0.499254,0.500802,0.744203,0.500167,0.50017,0.500417,0.496539,Null
1,leg,1,0.501206,0.500447,0.744352,0.500087,0.500055,0.500666,0.481463,Null
1,leg,1,0.501356,0.498249,0.745658,0.499928,0.499976,0.500183,0.463993,Null
1,leg,1,0.500142,0.500471,0.743516,0.4999,0.500145,0.499728,0.501723,Null
1,leg,1,0.499275,0.499368,0.745629,0.500058,0.500873,0.499933,0.515383,Null
1,leg,1,0.502034,0.502227,0.745627,0.500256,0.499992,0.500161,0.481942,Null
1,leg,1,0.501595,0.501265,0.745974,0.50014,0.499961,0.499698,0.509611,Null
1,leg,1,0.500353,0.500042,0.7451,0.49998,0.500078,0.500307,0.486843,Null
1,leg,1,0.500126,0.50093,0.743375,0.500241,0.499928,0.500329,0.463807,Null
1,leg,1,0.500311,0.500176,0.746134,0.500227,0.499975,0.500023,0.454868,Null
1,leg,1,0.498238,0.501199,0.744268,0.500349,0.4999,0.500116,0.510437,Null
1,leg,1,0.50104,0.49762,0.742855,0.499936,0.49999,0.500425,0.490887,Null
1,leg,1,0.500343,0.500428,0.74589,0.499949,0.500158,0.500152,0.48987,Null
1,leg,1,0.499815,0.501616,0.748512,0.499875,0.500299,0.500167,0.52215,Null
1,leg,1,0.500884,0.499728,0.744686,0.500198,0.499999,0.499978,0.509035,Null
1,leg,1,0.502312,0.500281,0.742862,0.499955,0.499564,0.500317,0.546603,Null
1,leg,1,0.502404,0.497847,0.74502,0.500111,0.499953,0.500028,0.500759,Null
1,leg,1,0.499656,0.499912,0.743496,0.500491,0.500051,0.49959,0.498977,Null
1,leg,1,0.501455,0.49983,0.743545,0.50008,0.500077,0.499449,0.518459,Null
1,leg,1,0.500309,0.498659,0.744596,0.499914,0.500053,0.500064,0.51165,Null
1,leg,1,0.501918,0.500414,0.744946,0.499781,0.500092,0.499793,0.501132,Null
1,leg,1,0.499207,0.501051,0.746923,0.500152,0.500218,0.500494,0.5193,Null
1,leg,1,0.500051,0.500943,0.747242,0.499912,0.499745,0.499607,0.47073,Null
1,leg,1,0.499253,0.501091,0.745167,0.500076,0.500183,0.500493,0.491209,Null
1,leg,1,0.50103,0.499638,0.745505,0.499691,0.500604,0.500214,0.483751,Null
1,leg,1,0.498274,0.5003,0.744198,0.499333,0.499926,0.499923,0.479356,Null
1,leg,1,0.50127,0.500471,0.741756,0.500128,0.550265,0.500209,0.503528,ArmCurl
1,leg,1,0.524061,0.500781,0.746118,0.500263,0.54759,0.500352,0.51084,ArmCurl
1,leg,1,0.544894,0.498589,0.744285,0.499834,0.540551,0.500221,0.519851,ArmCurl
1,leg,1,0.560326,0.498932,0.747505,0.499866,0.529669,0.500339,0.482056,ArmCurl
1,leg,1,0.572955,0.497237,0.744539,0.499736,0.515065,0.499881,0.508663,ArmCurl
1,leg,1,0.576976,0.500689,0.747127,0.49995,0.499583,0.49958,0.478916,ArmCurl
1,leg,1,0.572707,0.498549,0.746584,0.500575,0.484614,0.500525,0.503355,ArmCurl
1,leg,1,0.56135,0.49965,0.746568,0.500217,0.470451,0.499896,0.544244,ArmCurl
1,leg,1,0.545984,0.501513,0.74557,0.499946,0.459737,0.500501,0.506063,ArmCurl
1,leg,1,0.522596,0.500401,0.746585,0.499556,0.452179,0.499777,0.508731,ArmCurl
1,leg,1,0.49851,0.500229,0.745524,0.500067,0.450172,0.499931,0.491329,ArmCurl
1,leg,1,0.476789,0.499596,0.746277,0.499983,0.452579,0.500154,0.491481,ArmCurl
1,leg,1,0.456909,0.500625,0.746707,0.499742,0.459312,0.499772,0.503702,ArmCurl
1,leg,1,0.437104,0.500892,0.746218,0.50023,0.470592,0.500474,0.481913,ArmCurl
1,leg,1,0.429538,0.500103,0.747326,0.49997,0.484269,0.499887,0.526989,ArmCurl
1,leg,1,0.425586,0.500393,0.745541,0.500032,0.499945,0.499924,0.486625,ArmCurl
1,leg,1,0.427695,0.499291,0.745695,0.500212,0.515786,0.500267,0.500364,ArmCurl
1,leg,1,0.437587,0.498026,0.744967,0.499736,0.529513,0.499658,0.502077,ArmCurl
1,leg,1,0.456029,0.49887,0.745556,0.500187,0.540599,0.500279,0.488929,ArmCurl
1,leg,1,0.478764,0.501155,0.742711,0.500108,0.54794,0.500511,0.493565,ArmCurl
1,leg,1,0.498068,0.498674,0.743902,0.500361,0.549617,0.500159,0.493714,ArmCurl
1,leg,1,0.520658,0.499311,0.744931,0.499777,0.547669,0.500143,0.525844,ArmCurl
1,leg,1,0.545179,0.502105,0.74638,0.500067,0.540737,0.500719,0.468422,ArmCurl
1,leg,1,0.558061,0.501293,0.745588,0.500316,0.529405,0.499657,0.491479,ArmCurl
1,leg,1,0.570455,0.49948,0.744899,0.499927,0.515327,0.499618,0.495137,ArmCurl
1,leg,1,0.575306,0.498675,0.743992,0.500199,0.50014,0.499843,0.47272,ArmCurl
1,leg,1,0.572607,0.501001,0.746132,0.499954,0.484501,0.49988,0.506523,ArmCurl
1,leg,1,0.559601,0.500183,0.74704,0.50013,0.470452,0.500331,0.522532,ArmCurl
1,leg,1,0.545681,0.49771,0.744886,0.500166,0.459616,0.499957,0.483558,ArmCurl
1,leg,1,0.52089,0.497101,0.745873,0.500234,0.452678,0.500456,0.505391,ArmCurl
1,leg,1,0.500232,0.500291,0.744685,0.50013,0.44972,0.499445,0.504152,ArmCurl
1,leg,1,0.475343,0.501595,0.745766,0.500107,0.452229,0.499856,0.492401,ArmCurl
1,leg,1,0.455474,0.500068,0.744667,0.499356,0.459402,0.499616,0.501804,ArmCurl
1,leg,1,0.437444,0.498297,0.745065,0.499676,0.470346,0.49945,0.520341,ArmCurl
1,leg,1,0.431796,0.500667,0.744299,0.5003,0.484847,0.500302,0.493946,ArmCurl
1,leg,1,0.423788,0.499555,0.746053,0.500102,0.499926,0.499976,0.504486,ArmCurl
1,leg,1,0.429364,0.499153,0.745031,0.499753,0.51568,0.499236,0.505677,ArmCurl
1,leg,1,0.439074,0.499275,0.744954,0.499961,0.52963,0.499804,0.475227,ArmCurl
1,leg,1,0.455972,0.500213,0.744857,0.499903,0.54055,0.500047,0.497444,ArmCurl
1,leg,1,0.476982,0.502363,0.748109,0.500143,0.547778,0.500036,0.501904,ArmCurl
1,leg,1,0.499554,0.501508,0.747101,0.499801,0.549562,0.500042,0.472848,ArmCurl
1,leg,1,0.524272,0.497893,0.745222,0.499937,0.54782,0.499999,0.510719,ArmCurl
1,leg,1,0.544086,0.500456,0.744425,0.500366,0.540056,0.499945,0.486495,ArmCurl
1,leg,1,0.561322,0.50063,0.746031,0.499926,0.529631,0.499937,0.494405,ArmCurl
1,leg,1,0.570778,0.500207,0.748512,0.500312,0.51557,0.500103,0.523005,ArmCurl
1,leg,1,0.578175,0.50003,0.74444,0.500158,0.500487,0.499913,0.476124,ArmCurl
1,leg,1,0.570338,0.502767,0.746403,0.499782,0.484944,0.499769,0.517741,ArmCurl
1,leg,1,0.560155,0.500614,0.744079,0.500229,0.470369,0.500104,0.499321,ArmCurl
1,leg,1,0.543137,0.500164,0.745534,0.499681,0.459628,0.500402,0.50328,ArmCurl
1,leg,1,0.525812,0.500426,0.742944,0.499754,0.451838,0.499985,0.509495,ArmCurl
1,leg,1,0.500417,0.500391,0.745072,0.499688,0.449952,0.500405,0.498363,ArmCurl
1,leg,1,0.474516,0.499744,0.746679,0.499609,0.452288,0.500064,0.468715,ArmCurl
1,leg,1,0.452819,0.500826,0.743371,0.500148,0.459228,0.500568,0.489019,ArmCurl
1,leg,1,0.439048,0.500378,0.745736,0.499926,0.470809,0.500073,0.503946,ArmCurl
1,leg,1,0.427945,0.498941,0.746871,0.499494,0.484178,0.499941,0.512723,ArmCurl
1,leg,1,0.422752,0.499002,0.745348,0.499686,0.500238,0.499711,0.506064,ArmCurl
1,leg,1,0.429252,0.500382,0.744587,0.499752,0.515619,0.500552,0.520387,ArmCurl
1,leg,1,0.440017,0.500273,0.744141,0.499926,0.529632,0.499626,0.509671,ArmCurl
1,leg,1,0.455071,0.499952,0.744238,0.500477,0.540585,0.500372,0.470491,ArmCurl
1,leg,1,0.477898,0.500155,0.743936,0.499749,0.547605,0.500309,0.507817,ArmCurl
1,leg,1,0.500438,0.502138,0.742288,0.500136,0.549817,0.5002,0.516713,ArmCurl
1,leg,1,0.522732,0.500131,0.745623,0.499589,0.547153,0.500438,0.492037,ArmCurl
1,leg,1,0.544191,0.50092,0.746203,0.499928,0.540849,0.499809,0.51914,ArmCurl
1,leg,1,0.56105,0.500424,0.744018,0.500125,0.529984,0.499644,0.538206,ArmCurl
1,leg,1,0.571757,0.500377,0.747476,0.499482,0.515425,0.499934,0.511497,ArmCurl
1,leg,1,0.574367,0.499843,0.746043,0.499523,0.49995,0.500184,0.510708,ArmCurl
1,leg,1,0.570517,0.5006,0.744495,0.500058,0.485285,0.500278,0.523727,ArmCurl
1,leg,1,0.560764,0.500006,0.744835,0.499888,0.470566,0.500187,0.493653,ArmCurl
1,leg,1,0.54313,0.500501,0.746186,0.499944,0.459608,0.499974,0.498827,ArmCurl
1,leg,1,0.521872,0.499506,0.745535,0.500015,0.452486,0.50012,0.517505,ArmCurl
1,leg,1,0.500238,0.498645,0.74584,0.499746,0.450545,0.499997,0.514885,ArmCurl
1,leg,1,0.47587,0.499338,0.745459,0.500472,0.452695,0.499944,0.515546,ArmCurl
1,leg,1,0.456313,0.500566,0.74753,0.499808,0.459655,0.499845,0.458791,ArmCurl
1,leg,1,0.440353,0.499629,0.74111,0.500255,0.470604,0.500256,0.512231,ArmCurl
1,leg,1,0.428319,0.499951,0.744144,0.500132,0.484837,0.500058,0.535898,ArmCurl
1,leg,1,0.423489,0.499552,0.746124,0.499872,0.499669,0.500096,0.48318,ArmCurl
1,leg,1,0.427797,0.501941,0.744158,0.499646,0.515601,0.499675,0.508236,ArmCurl
1,leg,1,0.440591,0.501466,0.745537,0.499722,0.529067,0.500308,0.516918,ArmCurl
1,leg,1,0.456677,0.498568,0.744915,0.49986,0.54044,0.500252,0.46839,ArmCurl
1,leg,1,0.476324,0.499986,0.745843,0.499986,0.547774,0.500148,0.467175,ArmCurl
1,leg,1,0.499795,0.499863,0.748558,0.499907,0.549888,0.500107,0.530917,ArmCurl
1,leg,1,0.523122,0.500081,0.743793,0.499764,0.547627,0.500035,0.520433,ArmCurl
1,leg,1,0.545748,0.497781,0.743628,0.500088,0.540813,0.499923,0.535808,ArmCurl
1,leg,1,0.561377,0.500776,0.745867,0.499639,0.529591,0.500394,0.502999,ArmCurl
1,leg,1,0.569483,0.501386,0.746187,0.499453,0.515206,0.499712,0.522258,ArmCurl
1,leg,1,0.574681,0.499461,0.744864,0.500105,0.499947,0.500001,0.536612,ArmCurl
1,leg,1,0.570609,0.501394,0.747383,0.500297,0.484371,0.49995,0.483499,ArmCurl
1,leg,1,0.559585,0.499981,0.744308,0.500016,0.470632,0.500472,0.483099,ArmCurl
1,leg,1,0.545412,0.499084,0.743645,0.499745,0.459732,0.499855,0.478509,ArmCurl
1,leg,1,0.521999,0.500276,0.744137,0.500377,0.45238,0.49988,0.492377,ArmCurl
1,leg,1,0.502117,0.498018,0.74388,0.50022,0.449857,0.500204,0.469317,ArmCurl
1,leg,1,0.479511,0.49924,0.745643,0.49993,0.452761,0.500351,0.499283,ArmCurl
1,leg,1,0.456333,0.502649,0.745758,0.500014,0.459469,0.499792,0.516443,ArmCurl
1,leg,1,0.438886,0.499356,0.746548,0.499769,0.470688,0.50033,0.509841,ArmCurl
1,leg,1,0.428666,0.498509,0.746396,0.499404,0.484615,0.499795,0.484802,ArmCurl
1,leg,1,0.422519,0.499064,0.745349,0.500281,0.499891,0.499717,0.497521,ArmCurl
1,leg,1,0.42876,0.498096,0.746703,0.499983,0.515084,0.500167,0.52134,ArmCurl
1,leg,1,0.440419,0.498755,0.746342,0.500069,0.529299,0.50016,0.521423,ArmCurl
1,leg,1,0.455356,0.50064,0.745554,0.500712,0.540593,0.499921,0.510099,ArmCurl
1,leg,1,0.476582,0.498581,0.745044,0.500132,0.54753,0.499824,0.516601,ArmCurl
1,leg,1,0.501941,0.498497,0.744867,0.499929,0.550531,0.500269,0.475622,ArmCurl
1,leg,1,0.523401,0.499469,0.744339,0.500275,0.547449,0.499895,0.486467,ArmCurl
1,leg,1,0.544328,0.500441,0.744911,0.499793,0.540731,0.499768,0.478552,ArmCurl
1,leg,1,0.560658,0.500154,0.743282,0.5001,0.529104,0.499783,0.51837,ArmCurl
1,leg,1,0.56971,0.499297,0.743656,0.499703,0.515539,0.500434,0.521038,ArmCurl
1,leg,1,0.574282,0.499008,0.745302,0.500103,0.499814,0.499622,0.491425,ArmCurl
1,leg,1,0.57235,0.500476,0.744764,0.49954,0.484674,0.50005,0.537355,ArmCurl
1,leg,1,0.560253,0.499989,0.744725,0.499931,0.470464,0.499779,0.507549,ArmCurl
1,leg,1,0.545786,0.50047,0.746033,0.500025,0.459711,0.500357,0.472408,ArmCurl
1,leg,1,0.525,0.500445,0.746177,0.500088,0.452457,0.499824,0.487822,ArmCurl
1,leg,1,0.500496,0.49686,0.745422,0.50036,0.450063,0.500039,0.462755,ArmCurl
1,leg,1,0.478483,0.501452,0.746285,0.500176,0.452442,0.499882,0.507421,ArmCurl
1,leg,1,0.455342,0.500394,0.744741,0.499905,0.459668,0.500265,0.514117,ArmCurl
1,leg,1,0.438468,0.500419,0.74595,0.499906,0.470354,0.500304,0.475747,ArmCurl
1,leg,1,0.428687,0.49689,0.745399,0.4996,0.484432,0.499674,0.482302,ArmCurl
1,leg,1,0.426291,0.49895,0.74322,0.499838,0.499479,0.500243,0.494978,ArmCurl
1,leg,1,0.431658,0.498947,0.747995,0.500628,0.515506,0.500106,0.525271,ArmCurl
1,leg,1,0.438271,0.497959,0.746102,0.499809,0.529491,0.500038,0.478651,ArmCurl
1,leg,1,0.457205,0.498159,0.746224,0.499795,0.540205,0.500292,0.502429,ArmCurl
1,leg,1,0.47733,0.500384,0.745429,0.499723,0.547501,0.499831,0.478605,ArmCurl
1,leg,1,0.500393,0.501154,0.746305,0.499979,0.55027,0.500211,0.506688,ArmCurl
1,leg,1,0.524067,0.499888,0.744592,0.500133,0.54717,0.500367,0.510251,ArmCurl
1,leg,1,0.544948,0.499069,0.747551,0.499968,0.540511,0.500365,0.485236,ArmCurl
1,leg,1,0.5594,0.499927,0.744521,0.499952,0.529806,0.50014,0.471876,ArmCurl
1,leg,1,0.571303,0.499761,0.744695,0.500196,0.515453,0.49973,0.504085,ArmCurl
1,leg,1,0.574949,0.497416,0.744943,0.500009,0.499827,0.500097,0.479149,ArmCurl
1,leg,1,0.571207,0.501124,0.747075,0.499661,0.484069,0.49968,0.471581,ArmCurl
1,leg,1,0.561679,0.503644,0.744756,0.499782,0.470521,0.500239,0.487758,ArmCurl
1,leg,1,0.543499,0.501085,0.745996,0.500215,0.459314,0.500092,0.519455,ArmCurl
1,leg,1,0.524855,0.498976,0.745712,0.499635,0.452633,0.499958,0.499608,ArmCurl
1,leg,1,0.50077,0.500377,0.746207,0.499861,0.449902,0.500057,0.495002,ArmCurl
1,leg,1,0.479441,0.497735,0.747478,0.500072,0.452682,0.499722,0.490992,ArmCurl
1,leg,1,0.455842,0.500364,0.746631,0.499844,0.458821,0.500396,0.500742,ArmCurl
1,leg,1,0.439627,0.499411,0.744504,0.49971,0.470688,0.500216,0.484506,ArmCurl
1,leg,1,0.427438,0.500365,0.745484,0.499789,0.484672,0.500078,0.50563,ArmCurl
1,leg,1,0.424445,0.498445,0.745405,0.499946,0.500065,0.499614,0.489025,ArmCurl
1,leg,1,0.429642,0.499614,0.747549,0.500227,0.515731,0.500065,0.50828,ArmCurl
1,leg,1,0.441068,0.498985,0.743456,0.500298,0.529428,0.499914,0.517987,ArmCurl
1,leg,1,0.455325,0.499666,0.746001,0.500276,0.540962,0.500173,0.528269,ArmCurl
1,leg,1,0.477857,0.503288,0.74525,0.49961,0.547572,0.500343,0.482778,ArmCurl
1,leg,1,0.501731,0.500276,0.7457,0.500031,0.550389,0.500173,0.499244,ArmCurl
1,leg,1,0.520351,0.501282,0.745726,0.50026,0.547539,0.500359,0.505233,ArmCurl
1,leg,1,0.54353,0.501133,0.743441,0.499891,0.540573,0.500154,0.518298,ArmCurl
1,leg,1,0.5612,0.499941,0.744422,0.500046,0.529765,0.499849,0.520998,ArmCurl
1,leg,1,0.570933,0.50034,0.74384,0.499679,0.515782,0.499889,0.533255,ArmCurl
1,leg,1,0.575122,0.500228,0.744272,0.500226,0.500386,0.500241,0.497264,ArmCurl
1,leg,1,0.570965,0.499329,0.74416,0.500066,0.48479,0.49968,0.460986,ArmCurl
1,leg,1,0.562085,0.496666,0.74455,0.500056,0.470404,0.500219,0.521418,ArmCurl
1,leg,1,0.543758,0.498202,0.74466,0.500241,0.459001,0.500008,0.532071,ArmCurl
1,leg,1,0.520954,0.501381,0.744291,0.500444,0.451982,0.49979,0.503078,ArmCurl
1,leg,1,0.501006,0.500657,0.744668,0.49976,0.450213,0.499764,0.494925,ArmCurl
1,leg,1,0.477265,0.500642,0.744807,0.500256,0.452436,0.499949,0.496846,ArmCurl
1,leg,1,0.458142,0.499006,0.744767,0.499766,0.45956,0.500092,0.501613,ArmCurl
1,leg,1,0.439475,0.500667,0.746668,0.499686,0.470598,0.499886,0.532897,ArmCurl
1,leg,1,0.428857,0.497988,0.7451,0.499842,0.485001,0.50003,0.528356,ArmCurl
1,leg,1,0.424466,0.497747,0.743651,0.500014,0.49988,0.500053,0.492599,ArmCurl
1,leg,1,0.428866,0.498925,0.742712,0.500016,0.515124,0.500039,0.531764,ArmCurl
1,leg,1,0.43965,0.500035,0.743747,0.500064,0.529304,0.500102,0.510972,ArmCurl
1,leg,1,0.453826,0.500101,0.743138,0.500061,0.540246,0.500205,0.494821,ArmCurl
1,leg,1,0.477203,0.499584,0.744767,0.500097,0.547369,0.50012,0.501905,ArmCurl
1,leg,1,0.500772,0.497383,0.745793,0.499679,0.54971,0.499833,0.519771,ArmCurl
1,leg,1,0.522832,0.497891,0.745448,0.500164,0.547722,0.499425,0.508491,ArmCurl
1,leg,1,0.542569,0.500434,0.740939,0.499945,0.540054,0.500287,0.50221,ArmCurl
1,leg,1,0.560095,0.498687,0.745697,0.500377,0.529553,0.500014,0.493448,ArmCurl
1,leg,1,0.569213,0.49993,0.746365,0.500303,0.515507,0.500005,0.489838,ArmCurl
1,leg,1,0.573628,0.499676,0.745084,0.50018,0.499937,0.500097,0.477832,ArmCurl
1,leg,1,0.5722,0.500008,0.746503,0.499604,0.484601,0.500019,0.483863,ArmCurl
1,leg,1,0.562764,0.49968,0.745922,0.499914,0.470546,0.500177,0.489285,ArmCurl
1,leg,1,0.544845,0.498223,0.746521,0.500101,0.459471,0.499727,0.46527,ArmCurl
1,leg,1,0.524188,0.500814,0.744721,0.499728,0.45226,0.499898,0.493586,ArmCurl
1,leg,1,0.500755,0.499444,0.745119,0.500035,0.449611,0.499736,0.522045,ArmCurl
1,leg,1,0.476849,0.499227,0.745482,0.499737,0.452888,0.500216,0.491699,ArmCurl
1,leg,1,0.456678,0.50114,0.744599,0.499825,0.459741,0.50024,0.490591,ArmCurl
1,leg,1,0.438879,0.49848,0.745842,0.500071,0.470998,0.500205,0.49989,ArmCurl
1,leg,1,0.429521,0.500796,0.746566,0.500355,0.484722,0.49974,0.509529,ArmCurl
1,leg,1,0.424917,0.501708,0.747055,0.500117,0.499752,0.500127,0.49928,ArmCurl
1,leg,1,0.42831,0.500225,0.74547,0.499271,0.515187,0.499743,0.497197,ArmCurl
1,leg,1,0.439374,0.499284,0.746577,0.499972,0.529217,0.499861,0.500878,ArmCurl
1,leg,1,0.455682,0.498736,0.745552,0.500004,0.540611,0.49983,0.460328,ArmCurl
1,leg,1,0.475544,0.499957,0.742739,0.499409,0.547741,0.499898,0.507137,ArmCurl
1,leg,1,0.497589,0.499962,0.746565,0.499802,0.550394,0.500149,0.504324,ArmCurl
1,leg,1,0.524016,0.500603,0.745805,0.499678,0.547157,0.499441,0.478802,ArmCurl
1,leg,1,0.542785,0.500133,0.742577,0.499965,0.540195,0.500084,0.517415,ArmCurl
1,leg,1,0.559495,0.499398,0.743168,0.500203,0.529168,0.49988,0.523214,ArmCurl
1,leg,1,0.569939,0.50117,0.745302,0.500161,0.515496,0.500376,0.543688,ArmCurl
1,leg,1,0.573714,0.500754,0.745293,0.499979,0.500172,0.500017,0.502255,ArmCurl
1,leg,1,0.57168,0.498872,0.743648,0.500148,0.484363,0.499604,0.467498,ArmCurl
1,leg,1,0.559755,0.497947,0.746453,0.49969,0.470913,0.49973,0.493893,ArmCurl
1,leg,1,0.544506,0.500318,0.744803,0.499823,0.45958,0.500286,0.518904,ArmCurl
1,leg,1,0.524194,0.501076,0.746486,0.49991,0.452249,0.499607,0.463448,ArmCurl
1,leg,1,0.500165,0.499062,0.7467,0.499963,0.449828,0.500377,0.494081,ArmCurl
1,leg,1,0.478711,0.50025,0.74536,0.500259,0.452395,0.500455,0.535233,ArmCurl
1,leg,1,0.456566,0.499263,0.74394,0.499524,0.459473,0.499937,0.533673,ArmCurl
1,leg,1,0.437961,0.500281,0.745484,0.500073,0.470791,0.49979,0.50287,ArmCurl
1,leg,1,0.429729,0.499008,0.747981,0.499918,0.485018,0.499764,0.509487,ArmCurl
1,leg,1,0.425255,0.50188,0.745786,0.500711,0.49984,0.499469,0.489739,ArmCurl
1,leg,1,0.428591,0.498597,0.744119,0.500865,0.515394,0.500098,0.477783,ArmCurl
1,leg,1,0.438323,0.499719,0.747924,0.50052,0.529166,0.50036,0.527844,ArmCurl
1,leg,1,0.457204,0.499929,0.744667,0.499613,0.540457,0.500145,0.502093,ArmCurl
1,leg,1,0.47803,0.499797,0.745088,0.500306,0.547469,0.500066,0.566962,ArmCurl
1,leg,1,0.501276,0.497694,0.742893,0.500313,0.549597,0.500197,0.537486,ArmCurl
1,leg,1,0.524062,0.498591,0.744409,0.499854,0.547748,0.500221,0.543354,ArmCurl
1,leg,1,0.544163,0.499672,0.746615,0.49982,0.540137,0.500032,0.511655,ArmCurl
1,leg,1,0.562338,0.500865,0.74367,0.499948,0.529187,0.499956,0.492879,ArmCurl
1,leg,1,0.570774,0.499402,0.743921,0.500145,0.515305,0.49958,0.521554,ArmCurl
1,leg,1,0.575596,0.499497,0.744153,0.50018,0.500139,0.500362,0.513017,ArmCurl
1,leg,1,0.571567,0.499504,0.744382,0.49983,0.484489,0.500412,0.574757,ArmCurl
1,leg,1,0.560244,0.499192,0.744534,0.499222,0.470584,0.49994,0.503197,ArmCurl
1,leg,1,0.543624,0.498512,0.743942,0.500005,0.459702,0.500406,0.51751,ArmCurl
1,leg,1,0.523107,0.500812,0.745846,0.49995,0.452087,0.500292,0.481577,ArmCurl
1,leg,1,0.499918,0.501098,0.743818,0.499887,0.450037,0.49973,0.522181,ArmCurl
1,leg,1,0.47731,0.500677,0.743797,0.499824,0.452419,0.499928,0.461656,ArmCurl
1,leg,1,0.45638,0.500015,0.742209,0.500009,0.459047,0.500112,0.490567,ArmCurl
1,leg,1,0.44021,0.499914,0.744977,0.500312,0.470713,0.500315,0.495857,ArmCurl
1,leg,1,0.428792,0.501908,0.744155,0.499795,0.484584,0.499957,0.510261,ArmCurl
1,leg,1,0.427044,0.499654,0.74531,0.499988,0.499659,0.499581,0.509652,ArmCurl
1,leg,1,0.430674,0.500872,0.744017,0.500011,0.515371,0.499947,0.513052,ArmCurl
1,leg,1,0.439951,0.499414,0.745452,0.50015,0.529104,0.500235,0.480871,ArmCurl
1,leg,1,0.455728,0.499424,0.743424,0.499876,0.540719,0.50019,0.503381,ArmCurl
1,leg,1,0.477467,0.501523,0.746763,0.499846,0.547316,0.500219,0.511555,ArmCurl
1,leg,1,0.500209,0.498595,0.744483,0.500049,0.55005,0.499925,0.494455,ArmCurl
1,leg,1,0.522193,0.497933,0.745636,0.500065,0.54779,0.500235,0.463741,ArmCurl
1,leg,1,0.546098,0.498095,0.742879,0.499907,0.540585,0.499953,0.476705,ArmCurl
1,leg,1,0.560221,0.499393,0.746695,0.500036,0.529516,0.500312,0.507886,ArmCurl
1,leg,1,0.572396,0.497896,0.745985,0.499343,0.515306,0.499718,0.536616,ArmCurl
1,leg,1,0.575128,0.499207,0.744795,0.499884,0.500139,0.500265,0.527404,ArmCurl
1,leg,1,0.567566,0.500149,0.744949,0.500358,0.484519,0.499491,0.505071,ArmCurl
1,leg,1,0.561848,0.500391,0.745554,0.499312,0.470505,0.500076,0.495732,ArmCurl
1,leg,1,0.54444,0.50076,0.743407,0.500025,0.459506,0.500011,0.517572,ArmCurl
1,leg,1,0.524159,0.50282,0.745176,0.499734,0.452373,0.500147,0.514014,ArmCurl
1,leg,1,0.499357,0.501236,0.745003,0.500201,0.450101,0.500187,0.513593,ArmCurl
1,leg,1,0.476515,0.498791,0.745301,0.500145,0.452458,0.500264,0.522964,ArmCurl
1,leg,1,0.455046,0.501669,0.745856,0.500229,0.459166,0.500175,0.490131,ArmCurl
1,leg,1,0.439321,0.499447,0.746565,0.49989,0.470485,0.50007,0.520705,ArmCurl
1,leg,1,0.428257,0.501879,0.744653,0.499814,0.484229,0.500219,0.497832,ArmCurl
1,leg,1,0.426102,0.498017,0.746817,0.499921,0.500043,0.500033,0.522447,ArmCurl
1,leg,1,0.427995,0.498874,0.745295,0.500388,0.515688,0.500258,0.488338,ArmCurl
1,leg,1,0.43904,0.500696,0.745817,0.500209,0.529528,0.500045,0.475492,ArmCurl
1,leg,1,0.457211,0.499901,0.744053,0.500242,0.540996,0.499721,0.513839,ArmCurl
1,leg,1,0.474909,0.501551,0.744364,0.499926,0.548192,0.499752,0.513484,ArmCurl
1,leg,1,0.497447,0.498637,0.743471,0.499567,0.550144,0.499718,0.450551,ArmCurl
1,leg,1,0.523778,0.5006,0.744512,0.500022,0.547812,0.49995,0.483975,ArmCurl
1,leg,1,0.543541,0.499985,0.745845,0.500502,0.540199,0.49989,0.493074,ArmCurl
1,leg,1,0.560464,0.501808,0.747101,0.499682,0.529955,0.499602,0.496487,ArmCurl
1,leg,1,0.572272,0.500225,0.748068,0.499899,0.515699,0.499907,0.52036,ArmCurl
1,leg,1,0.575105,0.500149,0.74605,0.4996,0.500215,0.499907,0.476912,ArmCurl
1,leg,1,0.571449,0.502878,0.743085,0.500135,0.484731,0.499694,0.513654,ArmCurl
1,leg,1,0.560578,0.500299,0.746139,0.499927,0.470823,0.500308,0.481922,ArmCurl
1,leg,1,0.546238,0.500262,0.745105,0.50003,0.459204,0.499722,0.493038,ArmCurl
1,leg,1,0.524535,0.49943,0.743289,0.499578,0.452762,0.499815,0.467411,ArmCurl
1,leg,1,0.499177,0.500376,0.745556,0.499835,0.450073,0.500233,0.493413,ArmCurl
1,leg,1,0.475475,0.502506,0.745817,0.49996,0.452843,0.499964,0.517843,ArmCurl
1,leg,1,0.456533,0.500602,0.746269,0.499744,0.459744,0.500053,0.502841,ArmCurl
1,leg,1,0.438894,0.498869,0.747389,0.499892,0.470787,0.499584,0.505649,ArmCurl
1,leg,1,0.428818,0.501217,0.744073,0.500123,0.484594,0.500422,0.493336,ArmCurl
1,leg,1,0.424509,0.500078,0.744355,0.500007,0.499288,0.499841,0.492137,ArmCurl
1,leg,1,0.428052,0.499605,0.746349,0.499146,0.515706,0.499703,0.511038,ArmCurl
1,leg,1,0.439127,0.50042,0.74407,0.499984,0.53001,0.499825,0.492632,ArmCurl
1,leg,1,0.457679,0.497664,0.744949,0.499866,0.540467,0.500319,0.519202,ArmCurl
1,leg,1,0.476495,0.500867,0.744809,0.499951,0.54735,0.499636,0.508552,ArmCurl
1,leg,1,0.499967,0.50193,0.747098,0.49975,0.549853,0.499668,0.528942,ArmCurl
1,leg,1,0.52244,0.499676,0.74659,0.500236,0.547417,0.499871,0.453048,ArmCurl
1,leg,1,0.544437,0.499445,0.744484,0.500001,0.540781,0.500022,0.521283,ArmCurl
1,leg,1,0.561385,0.501398,0.745039,0.500156,0.52937,0.500185,0.488889,ArmCurl
1,leg,1,0.572603,0.499518,0.7442,0.500026,0.515611,0.49969,0.50298,ArmCurl
1,leg,1,0.577103,0.501058,0.745866,0.499451,0.499648,0.500391,0.471866,ArmCurl
1,leg,1,0.573262,0.4997,0.743537,0.499856,0.484932,0.500034,0.51159,ArmCurl
1,leg,1,0.560841,0.498592,0.742693,0.50022,0.47079,0.49957,0.531431,ArmCurl
1,leg,1,0.543603,0.498668,0.74601,0.499756,0.459555,0.499828,0.495868,ArmCurl
1,leg,1,0.524595,0.499563,0.745614,0.4995,0.452292,0.4999,0.467397,ArmCurl
1,leg,1,0.500423,0.501879,0.746207,0.500218,0.450052,0.499863,0.489833,ArmCurl
1,leg,1,0.476311,0.500527,0.745798,0.500427,0.452502,0.499994,0.498785,ArmCurl
1,leg,1,0.45499,0.498794,0.745206,0.499991,0.459789,0.500246,0.475429,ArmCurl
1,leg,1,0.440152,0.501422,0.744429,0.499931,0.469862,0.500119,0.472651,ArmCurl
1,leg,1,0.429128,0.499856,0.745208,0.499946,0.484622,0.500732,0.515237,ArmCurl
1,leg,1,0.42313,0.499713,0.747075,0.499957,0.499873,0.500195,0.491825,ArmCurl
1,leg,1,0.430124,0.500489,0.746159,0.499839,0.515278,0.499792,0.504642,ArmCurl
1,leg,1,0.439281,0.501235,0.745194,0.499748,0.529524,0.50046,0.487784,ArmCurl
1,leg,1,0.453759,0.499426,0.744674,0.499853,0.540238,0.499479,0.508829,ArmCurl
1,leg,1,0.476247,0.497355,0.743166,0.500262,0.547682,0.499701,0.514223,ArmCurl
1,leg,1,0.498209,0.500903,0.743059,0.499923,0.549859,0.500104,0.496306,ArmCurl
1,leg,1,0.519519,0.500717,0.744462,0.500323,0.547933,0.499755,0.503264,ArmCurl
1,leg,1,0.543198,0.498863,0.746535,0.500449,0.540311,0.499665,0.471056,ArmCurl
1,leg,1,0.56119,0.500947,0.744368,0.500433,0.529641,0.500319,0.495603,ArmCurl
1,leg,1,0.569948,0.498932,0.745981,0.499897,0.515323,0.499285,0.487396,ArmCurl
1,leg,1,0.574878,0.498799,0.744963,0.49996,0.500208,0.499748,0.496231,ArmCurl
1,leg,1,0.5704,0.499912,0.744277,0.500398,0.484636,0.499977,0.490033,ArmCurl
1,leg,1,0.559682,0.498324,0.747624,0.499818,0.47048,0.499862,0.462875,ArmCurl
1,leg,1,0.543675,0.498332,0.744772,0.499612,0.459288,0.499997,0.515601,ArmCurl
1,leg,1,0.525014,0.503128,0.744068,0.500031,0.452683,0.499465,0.517006,ArmCurl
1,leg,1,0.502315,0.499238,0.745764,0.50028,0.450411,0.499483,0.468158,ArmCurl
1,leg,1,0.478766,0.498247,0.744878,0.500109,0.452484,0.499596,0.461699,ArmCurl
1,leg,1,0.455395,0.500369,0.747546,0.499892,0.459817,0.499861,0.503872,ArmCurl
1,leg,1,0.438288,0.500473,0.745018,0.499908,0.470784,0.500033,0.503992,ArmCurl
1,leg,1,0.427554,0.501539,0.744331,0.499748,0.484082,0.500403,0.46156,ArmCurl
1,leg,1,0.425941,0.498993,0.744727,0.500616,0.499736,0.500022,0.473675,ArmCurl
1,leg,1,0.429935,0.499847,0.746397,0.50048,0.515455,0.499652,0.516251,ArmCurl
1,leg,1,0.437118,0.501754,0.744311,0.499965,0.529068,0.500251,0.498703,ArmCurl
1,leg,1,0.455444,0.497713,0.74449,0.500085,0.540204,0.500021,0.498559,ArmCurl
1,leg,1,0.477834,0.49724,0.745612,0.500105,0.547387,0.499995,0.48527,ArmCurl
1,leg,1,0.500417,0.49998,0.745277,0.499905,0.550087,0.500298,0.490775,ArmCurl
1,leg,1,0.523119,0.500077,0.745768,0.500076,0.547887,0.500597,0.519079,ArmCurl
1,leg,1,0.543558,0.499141,0.745141,0.500118,0.540386,0.499626,0.552224,ArmCurl
1,leg,1,0.560022,0.499147,0.745342,0.499684,0.529481,0.499796,0.532955,ArmCurl
1,leg,1,0.569828,0.500137,0.745319,0.499828,0.515104,0.499958,0.489327,ArmCurl
1,leg,1,0.575691,0.503579,0.746325,0.500042,0.499806,0.50008,0.497085,ArmCurl
1,leg,1,0.57097,0.50083,0.743522,0.500029,0.484781,0.499911,0.524516,ArmCurl
1,leg,1,0.561616,0.501699,0.743413,0.500046,0.470593,0.499602,0.524099,ArmCurl
1,leg,1,0.542209,0.499831,0.746095,0.500133,0.459893,0.499922,0.496362,ArmCurl
1,leg,1,0.523199,0.500901,0.747641,0.500029,0.452559,0.500264,0.480455,ArmCurl
1,leg,1,0.500238,0.500885,0.744216,0.499876,0.449819,0.499682,0.485114,ArmCurl
1,leg,1,0.476521,0.500266,0.744355,0.499952,0.452654,0.499893,0.52078,ArmCurl
1,leg,1,0.454994,0.499829,0.745275,0.49999,0.45955,0.50023,0.485739,ArmCurl
1,leg,1,0.439834,0.500971,0.74572,0.499896,0.470762,0.499945,0.536494,ArmCurl
1,leg,1,0.428233,0.50023,0.746943,0.500212,0.484937,0.499976,0.519371,ArmCurl
1,leg,1,0.427768,0.501415,0.7442,0.500256,0.499915,0.49992,0.503984,ArmCurl
1,leg,1,0.42638,0.500192,0.745193,0.500686,0.515102,0.500251,0.4669,ArmCurl
1,leg,1,0.437235,0.500235,0.74422,0.500584,0.529148,0.500045,0.498942,ArmCurl
1,leg,1,0.457571,0.50071,0.74612,0.499627,0.540772,0.500013,0.530731,ArmCurl
1,leg,1,0.476016,0.500396,0.744664,0.500109,0.547636,0.500184,0.499631,ArmCurl
1,leg,1,0.500318,0.500128,0.748454,0.500295,0.550054,0.499642,0.488783,ArmCurl
1,leg,1,0.522323,0.500298,0.744996,0.500101,0.547407,0.49964,0.503524,ArmCurl
1,leg,1,0.544849,0.498348,0.745635,0.500032,0.54054,0.499691,0.501617,ArmCurl
1,leg,1,0.563421,0.499489,0.746197,0.499601,0.529326,0.500103,0.542299,ArmCurl
1,leg,1,0.571089,0.501153,0.745257,0.500028,0.515288,0.500171,0.478375,ArmCurl
1,leg,1,0.574539,0.498952,0.745572,0.499706,0.500151,0.500377,0.498945,ArmCurl
1,leg,1,0.570902,0.500268,0.744706,0.499807,0.484624,0.499667,0.510105,ArmCurl
1,leg,1,0.55913,0.500729,0.746843,0.500107,0.470744,0.500107,0.472373,ArmCurl
1,leg,1,0.542614,0.499405,0.745429,0.500528,0.459426,0.500495,0.478357,ArmCurl
1,leg,1,0.522353,0.501591,0.744611,0.500419,0.452444,0.500131,0.53336,ArmCurl
1,leg,1,0.499129,0.500008,0.743787,0.49979,0.449866,0.500039,0.497334,ArmCurl
1,leg,1,0.477544,0.499397,0.743805,0.500535,0.452543,0.499953,0.534093,ArmCurl
1,leg,1,0.454678,0.498982,0.748691,0.500028,0.45952,0.499292,0.49479,ArmCurl
1,leg,1,0.440376,0.499864,0.744121,0.500404,0.47047,0.499862,0.516441,ArmCurl
1,leg,1,0.427005,0.498202,0.743812,0.499902,0.484448,0.499595,0.519763,ArmCurl
1,leg,1,0.425939,0.50243,0.745137,0.500608,0.499757,0.499797,0.499337,ArmCurl
1,leg,1,0.427897,0.500277,0.745775,0.50011,0.515529,0.49935,0.481691,ArmCurl
1,leg,1,0.438102,0.499378,0.74673,0.499891,0.528966,0.499875,0.493055,ArmCurl
1,leg,1,0.457453,0.499801,0.745286,0.500205,0.540712,0.500052,0.534628,ArmCurl
1,leg,1,0.476786,0.498958,0.747424,0.499829,0.547495,0.500112,0.486993,ArmCurl
1,leg,1,0.500992,0.500919,0.746173,0.500137,0.55031,0.500176,0.487932,ArmCurl
1,leg,1,0.522918,0.501827,0.746861,0.500204,0.547489,0.499873,0.479034,ArmCurl
1,leg,1,0.544431,0.500306,0.746714,0.500214,0.540679,0.499695,0.506473,ArmCurl
1,leg,1,0.561205,0.49825,0.745977,0.500134,0.528985,0.49984,0.510932,ArmCurl
1,leg,1,0.571613,0.500134,0.745552,0.500209,0.515308,0.500311,0.512012,ArmCurl
1,leg,1,0.574741,0.50083,0.743949,0.500074,0.499958,0.50035,0.452106,ArmCurl
1,leg,1,0.569315,0.499513,0.746134,0.499954,0.484536,0.499556,0.513816,ArmCurl
1,leg,1,0.56052,0.501144,0.745454,0.500214,0.471331,0.500078,0.493828,ArmCurl
1,leg,1,0.546005,0.496688,0.748058,0.499714,0.459049,0.499764,0.526463,ArmCurl
1,leg,1,0.523546,0.501058,0.745819,0.500247,0.452447,0.499865,0.489033,ArmCurl
1,leg,1,0.501395,0.500545,0.746488,0.500438,0.449985,0.50017,0.536388,ArmCurl
1,leg,1,0.477603,0.500101,0.747842,0.500217,0.452967,0.500674,0.503793,ArmCurl
1,leg,1,0.457197,0.500104,0.745501,0.49956,0.45969,0.499963,0.49,ArmCurl
1,leg,1,0.437412,0.502019,0.745601,0.499783,0.470534,0.500164,0.512012,ArmCurl
1,leg,1,0.428399,0.500023,0.744379,0.500052,0.484577,0.499549,0.480993,ArmCurl
1,leg,1,0.42388,0.497573,0.745791,0.499864,0.500149,0.500356,0.513471,ArmCurl
1,leg,1,0.429547,0.500086,0.745537,0.50025,0.515715,0.500023,0.489963,ArmCurl
1,leg,1,0.441948,0.49844,0.744388,0.50015,0.529435,0.499995,0.46876,ArmCurl
1,leg,1,0.458101,0.499421,0.745974,0.500364,0.540595,0.500013,0.527195,ArmCurl
1,leg,1,0.478096,0.501906,0.742477,0.499593,0.547904,0.499976,0.478185,ArmCurl
1,leg,1,0.501245,0.502633,0.745634,0.500046,0.549662,0.49981,0.504996,ArmCurl
1,leg,1,0.523674,0.500686,0.744248,0.50001,0.547474,0.500028,0.491006,ArmCurl
1,leg,1,0.544151,0.498368,0.746513,0.499737,0.540261,0.499982,0.558786,ArmCurl
1,leg,1,0.559902,0.50073,0.743778,0.499784,0.529568,0.499935,0.479401,ArmCurl
1,leg,1,0.570557,0.499894,0.745599,0.499906,0.515341,0.500027,0.538234,ArmCurl
1,leg,1,0.574829,0.500829,0.746877,0.499879,0.50023,0.500194,0.457568,ArmCurl
1,leg,1,0.572593,0.500081,0.745846,0.500336,0.48459,0.50012,0.447319,ArmCurl
1,leg,1,0.55953,0.501286,0.744976,0.500057,0.470233,0.500171,0.492648,ArmCurl
1,leg,1,0.543315,0.498914,0.743279,0.499962,0.459442,0.500172,0.522211,ArmCurl
1,leg,1,0.524246,0.498937,0.747374,0.500036,0.452432,0.500195,0.486047,ArmCurl
1,leg,1,0.501462,0.498749,0.746287,0.499371,0.449977,0.500112,0.508844,ArmCurl
1,leg,1,0.475066,0.4996,0.744005,0.500266,0.452573,0.499687,0.467302,ArmCurl
1,leg,1,0.45655,0.499333,0.745901,0.49996,0.459592,0.500086,0.554255,ArmCurl
1,leg,1,0.437298,0.501133,0.744393,0.499842,0.470251,0.499836,0.525468,ArmCurl
1,leg,1,0.428078,0.502513,0.745551,0.499835,0.484178,0.499576,0.482513,ArmCurl
1,leg,1,0.425238,0.500604,0.745967,0.499987,0.500285,0.499954,0.507974,ArmCurl
1,leg,1,0.430255,0.500391,0.745028,0.500185,0.515059,0.500368,0.538567,ArmCurl
1,leg,1,0.440027,0.500063,0.744353,0.50031,0.529302,0.49987,0.464275,ArmCurl
1,leg,1,0.455749,0.499666,0.744918,0.499894,0.540317,0.4997,0.497335,ArmCurl
1,leg,1,0.478555,0.498842,0.744327,0.499703,0.547545,0.499709,0.487802,ArmCurl
1,leg,1,0.500442,0.501137,0.743436,0.499891,0.550438,0.500071,0.506703,ArmCurl
1,leg,1,0.52378,0.499912,0.744966,0.499825,0.547672,0.499728,0.481642,ArmCurl
1,leg,1,0.544161,0.500784,0.742924,0.500088,0.540726,0.500031,0.515063,ArmCurl
1,leg,1,0.559002,0.502221,0.74373,0.500617,0.529652,0.499827,0.498506,ArmCurl
1,leg,1,0.573435,0.499123,0.745726,0.500118,0.515473,0.499496,0.501837,ArmCurl
1,leg,1,0.573971,0.500681,0.743753,0.500263,0.499809,0.500194,0.478206,ArmCurl
1,leg,1,0.570372,0.500008,0.745734,0.499939,0.484817,0.499611,0.492508,ArmCurl
1,leg,1,0.558408,0.499086,0.743678,0.500365,0.47043,0.499687,0.506415,ArmCurl
1,leg,1,0.544258,0.498841,0.744975,0.500386,0.459385,0.500129,0.488378,ArmCurl
1,leg,1,0.522755,0.500146,0.745309,0.499715,0.452494,0.500489,0.513832,ArmCurl
1,leg,1,0.500993,0.501021,0.747322,0.500028,0.450133,0.499804,0.504104,ArmCurl
1,leg,1,0.47605,0.50036,0.74492,0.50009,0.4523,0.499634,0.467499,ArmCurl
1,leg,1,0.454546,0.499791,0.7464,0.499992,0.459327,0.499667,0.515227,ArmCurl
1,leg,1,0.441859,0.499876,0.74379,0.500152,0.470506,0.500083,0.449201,ArmCurl
1,leg,1,0.430442,0.500278,0.744184,0.500226,0.484956,0.499919,0.505244,ArmCurl
1,leg,1,0.423456,0.50028,0.745193,0.500399,0.499839,0.499952,0.495323,ArmCurl
1,leg,1,0.429153,0.500712,0.742408,0.500475,0.515434,0.499999,0.496396,ArmCurl
1,leg,1,0.436557,0.500595,0.742171,0.499867,0.529088,0.500027,0.537795,ArmCurl
1,leg,1,0.457188,0.500627,0.745753,0.500227,0.540828,0.49987,0.493977,ArmCurl
1,leg,1,0.477364,0.500392,0.745074,0.500225,0.547525,0.499948,0.509138,ArmCurl
1,leg,1,0.497813,0.49651,0.746045,0.500008,0.499851,0.499662,0.508808,Null
1,leg,1,0.499682,0.499558,0.745413,0.500047,0.499547,0.499745,0.550137,Null
1,leg,1,0.499556,0.498975,0.74472,0.499861,0.499598,0.500246,0.495412,Null
1,leg,1,0.49937,0.500118,0.74302,0.500247,0.499856,0.499764,0.520456,Null
1,leg,1,0.502399,0.500201,0.745739,0.500069,0.500372,0.500293,0.527458,Null
1,leg,1,0.49813,0.501178,0.742444,0.499657,0.500016,0.500038,0.505931,Null
1,leg,1,0.500626,0.499486,0.745139,0.499792,0.499967,0.499605,0.500794,Null
1,leg,1,0.502504,0.498922,0.747122,0.500393,0.499752,0.499878,0.487826,Null
1,leg,1,0.501751,0.498386,0.743991,0.499549,0.499801,0.500017,0.534939,Null
1,leg,1,0.499418,0.500251,0.744428,0.500486,0.500032,0.49959,0.482741,Null
1,leg,1,0.501439,0.502895,0.746989,0.500063,0.49983,0.499958,0.488535,Null
1,leg,1,0.499201,0.501754,0.744426,0.49966,0.500069,0.499671,0.512869,Null
1,leg,1,0.499969,0.501052,0.746223,0.50013,0.499867,0.500108,0.49807,Null
1,leg,1,0.499985,0.49958,0.744783,0.499785,0.500051,0.49989,0.475531,Null
1,leg,1,0.50082,0.500863,0.7476,0.499679,0.500098,0.500057,0.468038,Null
1,leg,1,0.501986,0.499541,0.744844,0.500128,0.499517,0.500096,0.513018,Null
1,leg,1,0.497251,0.500357,0.745765,0.500138,0.499389,0.499694,0.50941,Null
1,leg,1,0.497642,0.499415,0.745495,0.499787,0.49971,0.499808,0.508059,Null
1,leg,1,0.500332,0.498439,0.745859,0.500105,0.499863,0.500146,0.49763,Null
1,leg,1,0.500126,0.498548,0.745038,0.499638,0.500351,0.499654,0.457213,Null
1,leg,1,0.501045,0.499794,0.74464,0.499762,0.500442,0.499834,0.526256,Null
1,leg,1,0.49923,0.499548,0.745497,0.500521,0.500411,0.499805,0.531698,Null
1,leg,1,0.500517,0.500474,0.743272,0.499807,0.500038,0.499948,0.470611,Null
1,leg,1,0.499031,0.502386,0.744936,0.500248,0.499665,0.499833,0.48902,Null
1,leg,1,0.500598,0.500526,0.744093,0.500413,0.499977,0.499756,0.519256,Null
1,leg,1,0.500182,0.499286,0.744508,0.499891,0.499845,0.500237,0.489691,Null
1,leg,1,0.499412,0.500172,0.744996,0.49969,0.500319,0.500214,0.521329,Null
1,leg,1,0.498643,0.499216,0.744229,0.500094,0.500144,0.499977,0.479531,Null
1,leg,1,0.499722,0.501317,0.745387,0.500101,0.49969,0.499826,0.527918,Null
1,leg,1,0.500816,0.498915,0.747898,0.499957,0.499922,0.50016,0.517472,Null
1,leg,1,0.498,0.4995,0.743224,0.499758,0.499623,0.500065,0.521287,Null
1,leg,1,0.501204,0.49761,0.745905,0.500021,0.500147,0.499761,0.504103,Null
1,leg,1,0.497199,0.501116,0.74605,0.499513,0.500215,0.499943,0.472384,Null
1,leg,1,0.500125,0.497136,0.744408,0.500128,0.50006,0.499731,0.512054,Null
1,leg,1,0.500067,0.500016,0.745482,0.500035,0.500465,0.500397,0.501716,Null
1,leg,1,0.498861,0.497405,0.744384,0.499927,0.499872,0.500287,0.487424,Null
1,leg,1,0.499202,0.497873,0.743321,0.499637,0.5003,0.500428,0.522302,Null
1,leg,1,0.500301,0.500682,0.746782,0.500332,0.500238,0.500039,0.495072,Null
1,leg,1,0.500298,0.500478,0.745126,0.499903,0.499972,0.500103,0.463577,Null
1,leg,1,0.499887,0.499939,0.747436,0.499901,0.499981,0.499927,0.498715,Null
1,leg,1,0.499527,0.499141,0.746127,0.500475,0.500158,0.499875,0.496806,Null
1,leg,1,0.499822,0.498246,0.745292,0.500058,0.500177,0.500126,0.477583,Null
1,leg,1,0.499542,0.500977,0.745049,0.500009,0.500105,0.499739,0.514998,Null
1,leg,1,0.501324,0.500446,0.747626,0.500057,0.499883,0.50002,0.473441,Null
1,leg,1,0.500371,0.500117,0.743912,0.49985,0.499824,0.500142,0.541546,Null
1,leg,1,0.500737,0.501049,0.747085,0.499898,0.4997,0.499719,0.474206,Null
1,leg,1,0.499531,0.49921,0.743182,0.500431,0.500152,0.500159,0.495747,Null
1,leg,1,0.500238,0.501488,0.74654,0.49982,0.499811,0.500153,0.47543,Null
1,leg,1,0.500226,0.501046,0.748191,0.5004,0.500143,0.500041,0.484215,Null
1,leg,1,0.498745,0.499605,0.74503,0.500348,0.500128,0.500269,0.505165,Null
1,leg,1,0.498903,0.501558,0.744252,0.500168,0.499715,0.49995,0.485144,Null
1,leg,1,0.499203,0.500449,0.743819,0.49997,0.50058,0.499711,0.498165,Null
1,leg,1,0.500427,0.499798,0.745216,0.499924,0.499852,0.499791,0.52454,Null
1,leg,1,0.497945,0.500377,0.74479,0.50014,0.500316,0.500209,0.518119,Null
1,leg,1,0.500286,0.499127,0.746531,0.500197,0.499854,0.499905,0.492505,Null
1,leg,1,0.502008,0.498981,0.745513,0.499914,0.499557,0.499937,0.514602,Null
1,leg,1,0.499943,0.499589,0.742797,0.500022,0.499794,0.499972,0.48413,Null
1,leg,1,0.50117,0.498455,0.745649,0.499985,0.500351,0.499676,0.484867,Null
1,leg,1,0.498889,0.500138,0.745536,0.499851,0.499947,0.499852,0.537606,Null
1,leg,1,0.500615,0.501885,0.745542,0.49997,0.499692,0.500437,0.484309,Null
1,leg,1,0.499313,0.498731,0.744874,0.499976,0.499689,0.50032,0.511247,Null
1,leg,1,0.500891,0.501092,0.744451,0.499877,0.499836,0.500154,0.47578,Null
1,leg,1,0.50061,0.500626,0.743548,0.499836,0.500261,0.499598,0.488377,Null
1,leg,1,0.499118,0.499363,0.745233,0.500503,0.499947,0.500245,0.497322,Null
1,leg,1,0.498793,0.502961,0.745137,0.499803,0.499685,0.499846,0.560886,Null
1,leg,1,0.500253,0.50127,0.744352,0.499835,0.50049,0.499874,0.524997,Null
1,leg,1,0.499187,0.499695,0.745496,0.499958,0.499769,0.499756,0.489865,Null
1,leg,1,0.498988,0.498967,0.746663,0.50021,0.499737,0.499804,0.487322,Null
1,leg,1,0.500797,0.498656,0.747349,0.499811,0.500055,0.500582,0.507855,Null
1,leg,1,0.499522,0.498712,0.74501,0.500618,0.499759,0.500479,0.482339,Null
1,leg,1,0.500978,0.498785,0.745278,0.499848,0.500447,0.500158,0.462414,Null
1,leg,1,0.500793,0.500706,0.74529,0.499886,0.499884,0.500203,0.512782,Null
1,leg,1,0.503056,0.499045,0.746036,0.499959,0.499804,0.499864,0.499306,Null
1,leg,1,0.499644,0.500488,0.745568,0.50034,0.500094,0.499812,0.51394,Null
1,leg,1,0.501443,0.50049,0.745106,0.499823,0.500062,0.500198,0.520586,Null
1,leg,1,0.501096,0.499609,0.74454,0.500377,0.500074,0.49978,0.517168,Null
1,leg,1,0.501319,0.499539,0.744879,0.50025,0.500131,0.500081,0.529129,Null
1,leg,1,0.498135,0.498706,0.743356,0.499994,0.499568,0.500155,0.500572,Null
1,leg,1,0.501017,0.501225,0.744245,0.500031,0.499894,0.499938,0.467508,Null
1,leg,1,0.499388,0.499857,0.746026,0.500261,0.49998,0.500311,0.467932,Null
1,leg,1,0.499521,0.499534,0.744577,0.500599,0.500066,0.500092,0.527312,Null
1,leg,1,0.501454,0.500918,0.746927,0.50023,0.499762,0.500017,0.477225,Null
1,leg,1,0.50024,0.502016,0.745121,0.499953,0.50014,0.500067,0.505466,Null
1,leg,1,0.499564,0.499505,0.747837,0.500183,0.49967,0.49994,0.50805,Null
1,leg,1,0.499536,0.499565,0.746637,0.499415,0.499371,0.500295,0.502823,Null
1,leg,1,0.501399,0.500075,0.74556,0.500118,0.500113,0.500268,0.52302,Null
1,leg,1,0.501051,0.502635,0.744586,0.499929,0.500602,0.50014,0.512415,Null
1,leg,1,0.49876,0.502094,0.747371,0.499874,0.500083,0.500072,0.507879,Null
1,leg,1,0.500592,0.500708,0.744737,0.499737,0.500173,0.499614,0.479365,Null
1,leg,1,0.49936,0.499403,0.74625,0.500479,0.499568,0.500149,0.515924,Null
1,leg,1,0.501043,0.49931,0.746043,0.499889,0.499802,0.499943,0.487636,Null
1,leg,1,0.49998,0.500528,0.744906,0.499897,0.499633,0.499959,0.493108,Null
1,leg,1,0.499912,0.499302,0.744085,0.499988,0.500206,0.500205,0.478993,Null
1,leg,1,0.498407,0.502567,0.744429,0.499989,0.499894,0.500435,0.510497,Null
1,leg,1,0.498945,0.500684,0.745256,0.500225,0.500159,0.500216,0.473282,Null
1,leg,1,0.500008,0.498693,0.74412,0.499818,0.500228,0.500095,0.503065,Null
1,leg,1,0.501949,0.499602,0.742839,0.500055,0.499535,0.499622,0.513452,Null
1,leg,1,0.499928,0.499389,0.746332,0.499808,0.499863,0.500324,0.513635,Null
1,leg,1,0.499262,0.498729,0.746239,0.50001,0.499978,0.499916,0.467359,Null
1,leg,1,0.49842,0.50089,0.745954,0.499471,0.499713,0.500069,0.508602,Null
1,leg,1,0.502373,0.499165,0.746149,0.499893,0.500306,0.500248,0.515286,Null
1,leg,1,0.499673,0.500596,0.745944,0.500105,0.499929,0.499876,0.520485,Null
1,leg,1,0.501281,0.499892,0.746828,0.499947,0.500005,0.500428,0.51712,Null
1,leg,1,0.500905,0.498823,0.744429,0.500411,0.499589,0.500224,0.530844,Null
1,leg,1,0.501873,0.499994,0.745172,0.500042,0.500076,0.499895,0.493547,Null
1,leg,1,0.499878,0.4991,0.745926,0.499473,0.49952,0.499919,0.510235,Null
1,leg,1,0.501149,0.49885,0.745582,0.499815,0.500144,0.500022,0.502674,Null
1,leg,1,0.497954,0.500387,0.744226,0.499886,0.500093,0.500044,0.472894,Null
1,leg,1,0.499917,0.49956,0.744036,0.499988,0.499791,0.499989,0.518408,Null
1,leg,1,0.500171,0.49923,0.743909,0.500147,0.499852,0.500012,0.518792,Null
1,leg,1,0.501453,0.500906,0.744515,0.50004,0.499836,0.499564,0.49395,Null
1,leg,1,0.49863,0.50083,0.74526,0.500233,0.500117,0.500168,0.523836,Null
1,leg,1,0.502128,0.499259,0.747074,0.500221,0.499977,0.500094,0.509646,Null
1,leg,1,0.499914,0.498446,0.74499,0.49955,0.499666,0.499736,0.47945,Null
1,leg,1,0.500375,0.498908,0.742441,0.499922,0.499893,0.500594,0.476832,Null
1,leg,1,0.499718,0.50115,0.744749,0.500191,0.500191,0.500105,0.492541,Null
1,leg,1,0.498325,0.500293,0.743198,0.500075,0.50041,0.50001,0.498006,Null
1,leg,1,0.499076,0.500423,0.74487,0.500007,0.500163,0.499931,0.512018,Null
1,leg,1,0.498778,0.502967,0.745803,0.499905,0.499552,0.499829,0.522646,Null
1,leg,1,0.500223,0.500386,0.745819,0.50035,0.500331,0.500089,0.479692,Null
1,leg,1,0.498534,0.500998,0.746948,0.499765,0.499717,0.49959,0.490584,Null
1,leg,1,0.498555,0.498804,0.744102,0.499787,0.499865,0.49982,0.494314,Null
1,leg,1,0.499863,0.500011,0.744158,0.500032,0.499941,0.49968,0.510157,Null
1,leg,1,0.499267,0.498364,0.745667,0.499915,0.500019,0.499727,0.527424,Null
1,leg,1,0.4992,0.499611,0.747204,0.499882,0.499694,0.49992,0.464267,Null
1,leg,1,0.501088,0.500089,0.744853,0.500205,0.49979,0.500126,0.468193,Null
1,leg,1,0.500343,0.498923,0.742401,0.499726,0.500172,0.499933,0.475124,Null
1,leg,1,0.502131,0.498653,0.744275,0.499762,0.500012,0.499851,0.517737,Null
1,leg,1,0.500089,0.500483,0.746328,0.499953,0.500001,0.500259,0.509336,Null
1,leg,1,0.499601,0.498156,0.7439,0.500065,0.500442,0.500046,0.479756,Null
1,leg,1,0.50065,0.501111,0.746247,0.500487,0.500232,0.499851,0.474967,Null
1,leg,1,0.499547,0.499598,0.74528,0.500241,0.499881,0.499753,0.460278,Null
1,leg,1,0.501923,0.497789,0.74644,0.499987,0.499939,0.499681,0.497266,Null
1,leg,1,0.49918,0.498519,0.744785,0.500353,0.500208,0.49998,0.502876,Null
1,leg,1,0.499738,0.500465,0.746419,0.499953,0.499926,0.499831,0.520987,Null
1,leg,1,0.501972,0.501407,0.745791,0.499828,0.499844,0.499539,0.490561,Null
1,leg,1,0.500097,0.499762,0.746218,0.500233,0.499844,0.500228,0.483762,Null
1,leg,1,0.501131,0.50105,0.743665,0.499758,0.499652,0.499951,0.490055,Null
1,leg,1,0.500594,0.500729,0.744424,0.499769,0.500267,0.500239,0.512805,Null
1,leg,1,0.500382,0.502297,0.744603,0.50004,0.499961,0.499543,0.515286,Null
1,leg,1,0.499853,0.498769,0.743042,0.500052,0.499646,0.499791,0.476982,Null
1,leg,1,0.500404,0.498794,0.746583,0.499971,0.500225,0.500082,0.536963,Null
1,leg,1,0.501373,0.499959,0.748173,0.500061,0.500191,0.500033,0.477327,Null
1,leg,1,0.501102,0.500189,0.744212,0.500166,0.499784,0.499998,0.517672,Null
1,leg,1,0.498618,0.500178,0.745517,0.499963,0.500096,0.499948,0.499737,Null
1,leg,1,0.500811,0.498926,0.745563,0.499912,0.499993,0.500101,0.505189,Null
1,leg,1,0.500352,0.499061,0.74377,0.500364,0.500119,0.500202,0.49296,Null
1,leg,1,0.500225,0.498501,0.744857,0.50021,0.500242,0.500142,0.479159,Null
1,leg,1,0.498812,0.498657,0.744061,0.499973,0.49964,0.499909,0.500862,Null
1,leg,1,0.497551,0.50057,0.744819,0.499835,0.499797,0.50001,0.456592,Null
1,leg,1,0.499982,0.500926,0.744111,0.499589,0.500178,0.500011,0.510709,Null
1,leg,1,0.500534,0.500561,0.745936,0.499967,0.500346,0.500094,0.47116,Null
1,leg,1,0.500405,0.499651,0.746965,0.500311,0.500359,0.499701,0.495627,Null
1,leg,1,0.50147,0.499991,0.743874,0.499821,0.499762,0.499992,0.461487,Null
1,leg,1,0.499688,0.499001,0.744448,0.499384,0.499992,0.499789,0.49264,Null
1,leg,1,0.498185,0.500415,0.745154,0.499683,0.499916,0.500229,0.521494,Null
1,leg,1,0.500605,0.499289,0.743686,0.499758,0.499652,0.49999,0.50488,Null
1,leg,1,0.500434,0.499346,0.745982,0.50015,0.499489,0.499858,0.500867,Null
1,leg,1,0.499762,0.500959,0.745941,0.499984,0.499855,0.499991,0.517397,Null
1,leg,1,0.49951,0.49975,0.745905,0.499784,0.500162,0.499951,0.482642,Null
1,leg,1,0.497839,0.498999,0.745832,0.499749,0.500372,0.50025,0.53263,Null
1,leg,1,0.500654,0.501123,0.745144,0.500114,0.500238,0.499669,0.510658,Null
1,leg,1,0.499396,0.501108,0.745975,0.500195,0.500054,0.500206,0.514668,Null
1,leg,1,0.500991,0.497065,0.744827,0.500059,0.500439,0.499799,0.532319,Null
1,leg,1,0.497647,0.501241,0.747594,0.500082,0.499948,0.500156,0.499496,Null
1,leg,1,0.500255,0.500233,0.746391,0.499745,0.499528,0.500122,0.526558,Null
1,leg,1,0.500076,0.500123,0.74413,0.49994,0.499608,0.500355,0.491896,Null
1,leg,1,0.500967,0.49738,0.744924,0.50018,0.500083,0.500331,0.501821,Null
1,leg,1,0.500793,0.499296,0.744725,0.500594,0.499768,0.499845,0.464181,Null
1,leg,1,0.500438,0.498909,0.744805,0.499852,0.500219,0.499886,0.509087,Null
1,leg,1,0.498348,0.500413,0.743987,0.499875,0.499627,0.49972,0.504005,Null
1,leg,1,0.498729,0.499281,0.743576,0.500134,0.5001,0.500248,0.513911,Null
1,leg,1,0.50222,0.501248,0.745223,0.50038,0.500041,0.50038,0.512325,Null
1,leg,1,0.500038,0.499441,0.743038,0.500155,0.499909,0.499536,0.507733,Null
1,leg,1,0.500411,0.501135,0.744669,0.499907,0.500295,0.499997,0.463216,Null
1,leg,1,0.501497,0.499475,0.744443,0.500005,0.499659,0.500456,0.498539,Null
1,leg,1,0.498647,0.500111,0.744199,0.500578,0.499878,0.500302,0.507484,Null
1,leg,1,0.500641,0.49995,0.747743,0.500171,0.499948,0.500223,0.47464,Null
1,leg,1,0.500114,0.500113,0.743748,0.500168,0.499524,0.500139,0.504965,Null
1,leg,1,0.497771,0.499168,0.746761,0.500138,0.499449,0.500173,0.524517,Null
1,leg,1,0.499971,0.500029,0.74494,0.499594,0.500015,0.500056,0.523587,Null
1,leg,1,0.499205,0.497605,0.74499,0.500225,0.500104,0.499897,0.533137,Null
1,leg,1,0.49963,0.499541,0.746327,0.499932,0.500152,0.499891,0.474196,Null
1,leg,1,0.500157,0.49943,0.747054,0.499854,0.49977,0.499675,0.500165,Null
1,leg,1,0.502014,0.500834,0.743441,0.499766,0.500393,0.500126,0.51766,Null
1,leg,1,0.501177,0.503072,0.744555,0.499626,0.5,0.499961,0.497071,Null
1,leg,1,0.501203,0.497889,0.743972,0.499987,0.500279,0.499724,0.485347,Null
1,leg,1,0.500823,0.5004,0.747613,0.500057,0.499697,0.49995,0.498944,Null
1,leg,1,0.497926,0.498791,0.745483,0.499968,0.500163,0.499429,0.508958,Null
1,leg,1,0.498449,0.501475,0.745749,0.499993,0.500468,0.500171,0.495718,Null
1,leg,1,0.499483,0.49548,0.744206,0.499665,0.499901,0.499747,0.48789,Null
1,leg,1,0.500794,0.500114,0.747363,0.499831,0.499994,0.499834,0.473261,Null
1,leg,1,0.499218,0.499419,0.745914,0.499933,0.500288,0.499598,0.482119,Null
1,leg,1,0.501706,0.497348,0.74528,0.500383,0.49957,0.499545,0.508918,Null
1,leg,1,0.499082,0.500734,0.747531,0.499808,0.499941,0.500155,0.517197,Null
1,leg,1,0.502011,0.499725,0.745607,0.50054,0.500007,0.500256,0.479138,Null
1,leg,1,0.498997,0.499272,0.74425,0.499845,0.500043,0.500119,0.489491,Null
1,leg,1,0.500992,0.499939,0.743823,0.499725,0.499942,0.499877,0.508081,Null
1,leg,1,0.502634,0.501377,0.746363,0.499631,0.499978,0.499856,0.548323,Null
1,leg,1,0.499883,0.503602,0.74746,0.499753,0.499912,0.500149,0.473486,Null
2,wrist,1,0.499625,0.500128,0.746604,0.500268,0.499876,0.500118,0.479786,Null
2,wrist,1,0.499925,0.501875,0.744756,0.500187,0.499581,0.499956,0.469065,Null
2,wrist,1,0.498136,0.500706,0.745628,0.500179,0.500381,0.500057,0.479094,Null
2,wrist,1,0.501172,0.499618,0.744811,0.500412,0.500317,0.499876,0.506241,Null
2,wrist,1,0.500033,0.500997,0.746761,0.500063,0.500216,0.500177,0.51155,Null
2,wrist,1,0.500819,0.500264,0.744576,0.500325,0.500133,0.499727,0.517285,Null
2,wrist,1,0.501101,0.499536,0.745831,0.499819,0.500259,0.500034,0.514025,Null
2,wrist,1,0.499553,0.500059,0.745483,0.49994,0.500576,0.500213,0.520234,Null
2,wrist,1,0.498911,0.499369,0.7444,0.500222,0.500576,0.500131,0.490778,Null
2,wrist,1,0.499099,0.497338,0.745302,0.499986,0.499796,0.499883,0.492709,Null
2,wrist,1,0.498971,0.499455,0.744019,0.500018,0.50016,0.500032,0.470608,Null
2,wrist,1,0.501101,0.499297,0.747273,0.5005,0.499948,0.500002,0.508669,Null
2,wrist,1,0.498961,0.501596,0.743158,0.500108,0.499693,0.500562,0.531884,Null
2,wrist,1,0.500664,0.500864,0.745464,0.500462,0.500362,0.500097,0.500626,Null
2,wrist,1,0.498451,0.497667,0.743528,0.499727,0.500084,0.500055,0.458437,Null
2,wrist,1,0.499925,0.500407,0.741749,0.499856,0.500243,0.499802,0.514805,Null
2,wrist,1,0.499074,0.498365,0.745005,0.500037,0.500238,0.500342,0.499373,Null
2,wrist,1,0.501221,0.499253,0.743904,0.500235,0.500636,0.500101,0.521122,Null
2,wrist,1,0.498754,0.498642,0.744953,0.499931,0.500205,0.499937,0.489778,Null
2,wrist,1,0.500425,0.498601,0.742875,0.500164,0.500438,0.500001,0.517488,Null
2,wrist,1,0.502058,0.501032,0.746378,0.499942,0.499959,0.500324,0.524667,Null
2,wrist,1,0.500505,0.497436,0.745013,0.500073,0.499942,0.499521,0.494107,Null
2,wrist,1,0.498418,0.498973,0.743587,0.500027,0.499965,0.500229,0.517988,Null
2,wrist,1,0.500996,0.500614,0.746717,0.49959,0.499541,0.499938,0.497484,Null
2,wrist,1,0.498059,0.497359,0.7456,0.499795,0.500256,0.499961,0.519762,Null
2,wrist,1,0.499947,0.497825,0.744515,0.499644,0.500244,0.499543,0.531311,Null
2,wrist,1,0.500599,0.499298,0.74424,0.499653,0.500017,0.499596,0.499223,Null
2,wrist,1,0.500244,0.501572,0.747141,0.499765,0.499857,0.499814,0.500803,Null
2,wrist,1,0.500047,0.499554,0.747502,0.500175,0.500093,0.500491,0.538175,Null
2,wrist,1,0.500994,0.499208,0.745562,0.500262,0.500056,0.499678,0.485159,Null
2,wrist,1,0.499682,0.500355,0.745666,0.500035,0.500026,0.499982,0.498616,Null
2,wrist,1,0.500987,0.501525,0.748041,0.500123,0.499869,0.499952,0.520825,Null
2,wrist,1,0.498367,0.501148,0.746367,0.500253,0.500234,0.500229,0.485159,Null
2,wrist,1,0.501375,0.500566,0.741455,0.500397,0.50015,0.500231,0.488209,Null
2,wrist,1,0.499023,0.499503,0.747629,0.499921,0.499786,0.500295,0.466073,Null
2,wrist,1,0.499124,0.499281,0.745041,0.499353,0.500125,0.499866,0.503741,Null
2,wrist,1,0.499601,0.50119,0.745871,0.49989,0.500207,0.499909,0.485647,Null
2,wrist,1,0.498966,0.500056,0.744855,0.499921,0.500292,0.500415,0.494828,Null
2,wrist,1,0.500553,0.499343,0.745136,0.499532,0.499647,0.499916,0.50062,Null
2,wrist,1,0.499638,0.50016,0.744434,0.499979,0.500182,0.500048,0.523359,Null
2,wrist,1,0.498757,0.499233,0.745085,0.499879,0.500107,0.499537,0.510573,Null
2,wrist,1,0.500874,0.500639,0.744753,0.500111,0.500252,0.499628,0.507417,Null
2,wrist,1,0.499403,0.4998,0.74697,0.499665,0.499529,0.499512,0.483336,Null
2,wrist,1,0.49818,0.499838,0.745032,0.50032,0.499578,0.499954,0.511033,Null
2,wrist,1,0.500951,0.501771,0.746545,0.500328,0.499813,0.500249,0.488328,Null
2,wrist,1,0.499524,0.498432,0.745938,0.499744,0.49982,0.499608,0.47608,Null
2,wrist,1,0.499559,0.498758,0.745943,0.499786,0.499541,0.499977,0.49469,Null
2,wrist,1,0.49661,0.500401,0.742873,0.500403,0.500271,0.499929,0.482563,Null
2,wrist,1,0.501439,0.499956,0.743623,0.499759,0.499826,0.49995,0.536124,Null
2,wrist,1,0.499909,0.499907,0.744958,0.500076,0.499994,0.500481,0.51546,Null
2,wrist,1,0.499759,0.501018,0.744581,0.499911,0.499379,0.500466,0.487295,Null
2,wrist,1,0.500071,0.499186,0.746717,0.50016,0.500148,0.500147,0.47325,Null
2,wrist,1,0.500217,0.5004,0.744499,0.499844,0.500143,0.499894,0.482182,Null
2,wrist,1,0.499778,0.501271,0.746925,0.499863,0.499696,0.499681,0.512007,Null
2,wrist,1,0.499827,0.497472,0.744113,0.499938,0.499742,0.499395,0.488427,Null
2,wrist,1,0.498587,0.498012,0.745829,0.500059,0.500136,0.499625,0.510702,Null
2,wrist,1,0.502071,0.499512,0.743012,0.499954,0.499463,0.500018,0.495523,Null
2,wrist,1,0.501953,0.499116,0.746084,0.499975,0.499936,0.500064,0.484682,Null
2,wrist,1,0.50025,0.49885,0.744061,0.499973,0.499741,0.499653,0.457542,Null
2,wrist,1,0.501498,0.498686,0.743653,0.500051,0.50026,0.500385,0.50649,Null
2,wrist,1,0.498978,0.500371,0.743884,0.499707,0.499545,0.500085,0.452072,Null
2,wrist,1,0.499599,0.500128,0.745317,0.500185,0.499656,0.500557,0.498019,Null
2,wrist,1,0.49931,0.50057,0.744613,0.500206,0.500021,0.499883,0.513956,Null
2,wrist,1,0.501197,0.49919,0.74287,0.499952,0.499799,0.499811,0.497533,Null
2,wrist,1,0.502076,0.500684,0.744065,0.500203,0.500191,0.499704,0.511864,Null
2,wrist,1,0.499659,0.498629,0.742847,0.500338,0.500008,0.500488,0.503781,Null
2,wrist,1,0.500171,0.501018,0.746403,0.499682,0.50042,0.499496,0.492649,Null
2,wrist,1,0.498585,0.500454,0.745496,0.499761,0.500268,0.500073,0.525435,Null
2,wrist,1,0.50051,0.49972,0.745037,0.500008,0.500281,0.500458,0.501301,Null
2,wrist,1,0.499588,0.502793,0.747597,0.499931,0.500135,0.499721,0.524111,Null
2,wrist,1,0.500182,0.499441,0.745053,0.49956,0.499699,0.499764,0.501354,Null
2,wrist,1,0.502508,0.499363,0.745549,0.499911,0.500373,0.500161,0.529251,Null
2,wrist,1,0.500687,0.499316,0.746072,0.500122,0.500271,0.500046,0.494409,Null
2,wrist,1,0.500174,0.501011,0.744986,0.50017,0.499852,0.500109,0.517948,Null
2,wrist,1,0.498502,0.500307,0.744189,0.500097,0.500315,0.499959,0.462893,Null
2,wrist,1,0.497715,0.502112,0.744452,0.500361,0.500006,0.499998,0.496073,Null
2,wrist,1,0.499615,0.501311,0.748495,0.500065,0.499939,0.499639,0.516393,Null
2,wrist,1,0.500963,0.500101,0.744456,0.500032,0.500239,0.500545,0.489299,Null
2,wrist,1,0.49815,0.499059,0.747368,0.500286,0.499623,0.499842,0.485825,Null
2,wrist,1,0.502599,0.501864,0.744423,0.500331,0.499931,0.500361,0.504521,Null
2,wrist,1,0.497561,0.502018,0.745963,0.500606,0.500435,0.500173,0.516066,Null
2,wrist,1,0.500158,0.498955,0.746031,0.499841,0.500247,0.499764,0.519742,Null
2,wrist,1,0.498591,0.500858,0.745645,0.500375,0.500352,0.49992,0.487495,Null
2,wrist,1,0.498215,0.49927,0.745322,0.499621,0.500454,0.500138,0.476088,Null
2,wrist,1,0.49996,0.500359,0.745024,0.499873,0.499772,0.49982,0.483361,Null
2,wrist,1,0.499626,0.500435,0.74574,0.500285,0.499906,0.500121,0.474358,Null
2,wrist,1,0.50007,0.49848,0.74609,0.499929,0.499715,0.499982,0.495135,Null
2,wrist,1,0.500527,0.499361,0.743594,0.500109,0.500541,0.49991,0.54367,Null
2,wrist,1,0.500518,0.500899,0.744664,0.49995,0.499864,0.499925,0.51989,Null
2,wrist,1,0.497945,0.498999,0.748002,0.500132,0.500529,0.500338,0.506908,Null
2,wrist,1,0.500011,0.500336,0.743325,0.500318,0.500177,0.500267,0.48616,Null
2,wrist,1,0.501312,0.498004,0.74503,0.499784,0.500343,0.500468,0.489593,Null
2,wrist,1,0.50068,0.500397,0.746885,0.499909,0.499728,0.4994,0.468417,Null
2,wrist,1,0.499583,0.498833,0.744801,0.499742,0.499805,0.499851,0.485147,Null
2,wrist,1,0.498998,0.500808,0.74343,0.499564,0.500076,0.500028,0.452705,Null
2,wrist,1,0.503072,0.499759,0.744419,0.50015,0.500532,0.500256,0.482132,Null
2,wrist,1,0.500742,0.500045,0.7438,0.500343,0.500173,0.500129,0.53256,Null
2,wrist,1,0.497869,0.499397,0.745634,0.500352,0.499576,0.49961,0.517128,Null
2,wrist,1,0.499098,0.499836,0.744127,0.499673,0.500242,0.499976,0.486049,Null
2,wrist,1,0.502626,0.501122,0.743858,0.499526,0.499603,0.499521,0.488374,Null
2,wrist,1,0.499605,0.501577,0.747415,0.500006,0.499948,0.499944,0.45585,Null
2,wrist,1,0.501188,0.500657,0.744458,0.500092,0.500188,0.500403,0.514857,Null
2,wrist,1,0.500384,0.498626,0.744878,0.500566,0.499674,0.500137,0.512859,Null
2,wrist,1,0.49978,0.501108,0.744647,0.500431,0.500043,0.500074,0.489958,Null
2,wrist,1,0.500938,0.498697,0.742231,0.500315,0.499889,0.499957,0.516721,Null
2,wrist,1,0.500518,0.501196,0.74181,0.499989,0.500077,0.50016,0.482128,Null
2,wrist,1,0.501905,0.500294,0.745837,0.499842,0.500161,0.499964,0.504599,Null
2,wrist,1,0.501213,0.500194,0.744698,0.500045,0.499871,0.499925,0.508779,Null
2,wrist,1,0.501016,0.498866,0.745832,0.500232,0.499878,0.499683,0.501746,Null
2,wrist,1,0.500623,0.499948,0.745825,0.500117,0.499699,0.499613,0.49116,Null
2,wrist,1,0.500645,0.498774,0.744671,0.499926,0.49994,0.500255,0.510359,Null
2,wrist,1,0.498862,0.49952,0.746038,0.500156,0.499867,0.500255,0.498088,Null
2,wrist,1,0.497932,0.501788,0.747139,0.499752,0.500107,0.500269,0.489806,Null
2,wrist,1,0.5006,0.498445,0.74411,0.499678,0.499858,0.499732,0.488043,Null
2,wrist,1,0.500492,0.499488,0.744805,0.499795,0.500396,0.500071,0.479571,Null
2,wrist,1,0.499361,0.499654,0.744699,0.500223,0.499792,0.499912,0.513234,Null
2,wrist,1,0.498902,0.5008,0.744127,0.499809,0.499813,0.499942,0.479062,Null
2,wrist,1,0.498858,0.501067,0.745347,0.500383,0.499949,0.500009,0.516062,Null
2,wrist,1,0.49979,0.498909,0.746061,0.500006,0.500085,0.499837,0.482657,Null
2,wrist,1,0.502111,0.499486,0.746674,0.49981,0.499692,0.499739,0.519225,Null
2,wrist,1,0.497909,0.499944,0.744757,0.499726,0.500273,0.499971,0.485359,Null
2,wrist,1,0.500604,0.49958,0.74649,0.49996,0.499996,0.500201,0.497741,Null
2,wrist,1,0.499632,0.499044,0.744201,0.500027,0.500176,0.500076,0.477883,Null
2,wrist,1,0.501714,0.499838,0.746584,0.500417,0.499793,0.500365,0.51932,Null
2,wrist,1,0.501138,0.500897,0.74502,0.500413,0.500143,0.49971,0.536982,Null
2,wrist,1,0.499756,0.499737,0.747647,0.500354,0.500097,0.50019,0.505066,Null
2,wrist,1,0.50085,0.499078,0.747163,0.499475,0.499946,0.500181,0.480779,Null
2,wrist,1,0.500833,0.499262,0.745088,0.499944,0.500149,0.499748,0.492766,Null
2,wrist,1,0.498728,0.499047,0.745505,0.500264,0.500084,0.499995,0.478121,Null
2,wrist,1,0.501466,0.499086,0.744668,0.499937,0.499934,0.500138,0.46967,Null
2,wrist,1,0.501809,0.500945,0.744234,0.500052,0.500023,0.500228,0.492279,Null
2,wrist,1,0.501954,0.499251,0.745036,0.500321,0.499869,0.499573,0.494902,Null
2,wrist,1,0.501152,0.500713,0.745025,0.500235,0.500104,0.500138,0.50637,Null
2,wrist,1,0.501079,0.501778,0.744109,0.499929,0.500068,0.49992,0.536764,Null
2,wrist,1,0.500978,0.501445,0.743766,0.499722,0.500009,0.500162,0.470089,Null
2,wrist,1,0.501002,0.499716,0.743965,0.49965,0.499909,0.499876,0.510912,Null
2,wrist,1,0.5008,0.500928,0.743342,0.49995,0.500327,0.500377,0.504493,Null
2,wrist,1,0.499248,0.498718,0.744668,0.499833,0.499905,0.499954,0.51214,Null
2,wrist,1,0.499392,0.497582,0.744783,0.500204,0.499889,0.49981,0.514386,Null
2,wrist,1,0.49965,0.499358,0.746112,0.500313,0.500176,0.500142,0.491936,Null
2,wrist,1,0.500681,0.498997,0.744187,0.500132,0.499846,0.500368,0.502841,Null
2,wrist,1,0.498705,0.501173,0.7454,0.500276,0.499936,0.499389,0.515002,Null
2,wrist,1,0.50058,0.500086,0.745397,0.499953,0.500302,0.500275,0.457873,Null
2,wrist,1,0.501088,0.501484,0.745652,0.49997,0.499855,0.499829,0.475097,Null
2,wrist,1,0.499273,0.500204,0.747666,0.500261,0.499801,0.499577,0.492494,Null
2,wrist,1,0.501135,0.499977,0.745119,0.499935,0.500256,0.499678,0.503277,Null
2,wrist,1,0.500525,0.49968,0.745705,0.499792,0.499642,0.500144,0.490045,Null
2,wrist,1,0.499661,0.498571,0.745551,0.499994,0.499878,0.499651,0.505817,Null
2,wrist,1,0.498352,0.500402,0.745386,0.500716,0.499845,0.500163,0.491681,Null
2,wrist,1,0.499013,0.499037,0.745305,0.500304,0.499919,0.500017,0.538079,Null
2,wrist,1,0.50051,0.500246,0.746907,0.500102,0.499914,0.500044,0.483667,Null
2,wrist,1,0.500788,0.500836,0.745434,0.500052,0.500045,0.500222,0.500487,Null
2,wrist,1,0.501968,0.502334,0.744686,0.500326,0.49965,0.499928,0.520371,Null
2,wrist,1,0.499645,0.500374,0.74541,0.499805,0.500331,0.499569,0.483519,Null
2,wrist,1,0.498604,0.500548,0.745732,0.500089,0.500461,0.500431,0.506962,Null
2,wrist,1,0.501176,0.501374,0.744594,0.499784,0.499724,0.500017,0.520117,Null
2,wrist,1,0.500463,0.498257,0.745222,0.499991,0.500073,0.500115,0.460672,Null
2,wrist,1,0.50132,0.499798,0.741436,0.500372,0.5001,0.500405,0.497388,Null
2,wrist,1,0.498862,0.501786,0.74615,0.500346,0.49951,0.499862,0.495651,Null
2,wrist,1,0.500803,0.497863,0.743244,0.500091,0.500279,0.499824,0.505961,Null
2,wrist,1,0.500854,0.498727,0.744647,0.499927,0.50026,0.49994,0.49697,Null
2,wrist,1,0.501233,0.500207,0.745481,0.500256,0.499428,0.500317,0.506199,Null
2,wrist,1,0.499329,0.499661,0.744766,0.500605,0.499688,0.499877,0.497171,Null
2,wrist,1,0.499323,0.498114,0.743718,0.500095,0.500641,0.500235,0.524357,Null
2,wrist,1,0.500031,0.49894,0.744863,0.500056,0.499812,0.500052,0.491286,Null
2,wrist,1,0.499894,0.49933,0.74402,0.499995,0.499721,0.49987,0.47564,Null
2,wrist,1,0.500093,0.501827,0.742921,0.500022,0.499903,0.499811,0.520845,Null
2,wrist,1,0.50023,0.50059,0.746166,0.500605,0.499964,0.499739,0.480693,Null
2,wrist,1,0.500385,0.500196,0.745437,0.499854,0.500164,0.499493,0.498295,Null
2,wrist,1,0.499211,0.500854,0.74653,0.4998,0.499466,0.499744,0.507364,Null
2,wrist,1,0.500887,0.502307,0.746815,0.500435,0.499991,0.49991,0.513966,Null
2,wrist,1,0.499867,0.500913,0.744627,0.49959,0.499729,0.499897,0.49086,Null
2,wrist,1,0.500438,0.498417,0.743928,0.500148,0.500185,0.499599,0.487803,Null
2,wrist,1,0.498735,0.49865,0.743918,0.49994,0.5002,0.499997,0.496401,Null
2,wrist,1,0.500801,0.501018,0.746677,0.499482,0.499935,0.499807,0.496962,Null
2,wrist,1,0.501031,0.500898,0.746485,0.499846,0.499667,0.500402,0.472188,Null
2,wrist,1,0.498443,0.499245,0.742882,0.50034,0.500095,0.499806,0.484117,Null
2,wrist,1,0.500974,0.500649,0.747057,0.499948,0.500234,0.500247,0.517849,Null
2,wrist,1,0.500658,0.501954,0.746174,0.49972,0.500057,0.500165,0.480824,Null
2,wrist,1,0.499939,0.500526,0.747355,0.499847,0.500128,0.499552,0.471882,Null
2,wrist,1,0.502364,0.500965,0.744802,0.500051,0.499909,0.499695,0.511649,Null
2,wrist,1,0.500774,0.498863,0.744848,0.499675,0.500034,0.500187,0.487961,Null
2,wrist,1,0.500283,0.499064,0.744926,0.499693,0.500384,0.500059,0.50039,Null
2,wrist,1,0.499718,0.499301,0.74468,0.500034,0.500191,0.499816,0.531514,Null
2,wrist,1,0.498686,0.498682,0.745757,0.499648,0.499695,0.499946,0.495036,Null
2,wrist,1,0.500451,0.498205,0.745729,0.500119,0.50041,0.499962,0.485749,Null
2,wrist,1,0.500395,0.501376,0.74647,0.500428,0.500072,0.499841,0.506429,Null
2,wrist,1,0.500382,0.497861,0.743866,0.500324,0.499713,0.499955,0.49481,Null
2,wrist,1,0.503203,0.496485,0.746705,0.499857,0.500059,0.499732,0.493188,Null
2,wrist,1,0.501608,0.498923,0.74671,0.500107,0.499646,0.499894,0.497107,Null
2,wrist,1,0.500436,0.502194,0.747516,0.50008,0.500346,0.49983,0.490254,Null
2,wrist,1,0.497728,0.502487,0.745959,0.49967,0.499274,0.500127,0.497625,Null
2,wrist,1,0.500679,0.500334,0.745384,0.499981,0.500168,0.500303,0.524901,Null
2,wrist,1,0.498388,0.501869,0.743548,0.500373,0.499758,0.499865,0.525781,Null
2,wrist,1,0.498686,0.501274,0.744525,0.499974,0.499679,0.500252,0.478037,Null
2,wrist,1,0.500373,0.500905,0.742888,0.500375,0.500207,0.500195,0.480341,Null
2,wrist,1,0.500677,0.500619,0.747671,0.499975,0.500282,0.500154,0.516304,Null
2,wrist,1,0.500937,0.501531,0.746454,0.500174,0.500153,0.499858,0.552736,Null
2,wrist,1,0.501596,0.500192,0.744666,0.500035,0.500019,0.499838,0.493357,Null
2,wrist,1,0.500044,0.50011,0.743962,0.500068,0.49989,0.499886,0.474284,Null
2,wrist,1,0.5001,0.499069,0.74519,0.499705,0.549734,0.500058,0.488807,ArmCurl
2,wrist,1,0.522872,0.501801,0.742587,0.499891,0.548773,0.50031,0.541064,ArmCurl
2,wrist,1,0.546081,0.499818,0.746346,0.500162,0.541035,0.499882,0.518055,ArmCurl
2,wrist,1,0.561696,0.498756,0.746982,0.500223,0.529163,0.500369,0.517279,ArmCurl
2,wrist,1,0.570377,0.49863,0.746294,0.500008,0.515144,0.500095,0.487892,ArmCurl
2,wrist,1,0.575369,0.501238,0.74581,0.500331,0.500234,0.499996,0.537714,ArmCurl
2,wrist,1,0.571607,0.499901,0.744351,0.500009,0.484338,0.500147,0.483068,ArmCurl
2,wrist,1,0.560983,0.498289,0.744318,0.500045,0.470417,0.499914,0.483307,ArmCurl
2,wrist,1,0.543058,0.500833,0.744396,0.500152,0.459873,0.499851,0.505156,ArmCurl
2,wrist,1,0.526277,0.50194,0.74403,0.500113,0.452497,0.49976,0.514322,ArmCurl
2,wrist,1,0.499432,0.500786,0.74675,0.499934,0.450003,0.499809,0.511612,ArmCurl
2,wrist,1,0.476695,0.498925,0.744593,0.499871,0.452633,0.499917,0.478833,ArmCurl
2,wrist,1,0.454164,0.499122,0.744641,0.50013,0.459126,0.500006,0.513332,ArmCurl
2,wrist,1,0.44002,0.500424,0.746422,0.499487,0.470656,0.500124,0.486833,ArmCurl
2,wrist,1,0.427424,0.500016,0.745543,0.499605,0.484332,0.49988,0.480332,ArmCurl
2,wrist,1,0.424568,0.499267,0.745632,0.500093,0.500271,0.500127,0.497464,ArmCurl
2,wrist,1,0.428583,0.501305,0.746647,0.500161,0.515878,0.499907,0.477518,ArmCurl
2,wrist,1,0.439867,0.499412,0.747236,0.499574,0.529468,0.500131,0.523342,ArmCurl
2,wrist,1,0.455994,0.499381,0.744217,0.50017,0.540793,0.499982,0.465608,ArmCurl
2,wrist,1,0.475935,0.499085,0.744968,0.500003,0.54744,0.499765,0.489116,ArmCurl
2,wrist,1,0.500356,0.499077,0.746607,0.499692,0.55,0.499976,0.494919,ArmCurl
2,wrist,1,0.523327,0.499023,0.74367,0.500013,0.547359,0.5003,0.513266,ArmCurl
2,wrist,1,0.543623,0.499751,0.74623,0.49996,0.540412,0.499945,0.520535,ArmCurl
2,wrist,1,0.559668,0.499319,0.744507,0.499637,0.52912,0.499586,0.528443,ArmCurl
2,wrist,1,0.571457,0.500837,0.747637,0.49982,0.515178,0.500114,0.498317,ArmCurl
2,wrist,1,0.575839,0.500529,0.744814,0.499434,0.499761,0.49946,0.497063,ArmCurl
2,wrist,1,0.57272,0.500284,0.74267,0.499686,0.484376,0.500353,0.492508,ArmCurl
2,wrist,1,0.562517,0.499065,0.745138,0.499744,0.470619,0.499367,0.537428,ArmCurl
2,wrist,1,0.543404,0.499428,0.746301,0.4999,0.459547,0.499764,0.509559,ArmCurl
2,wrist,1,0.524711,0.501682,0.743522,0.499846,0.452655,0.499742,0.470395,ArmCurl
2,wrist,1,0.498166,0.497135,0.744096,0.499857,0.44996,0.499793,0.449314,ArmCurl
2,wrist,1,0.476263,0.501522,0.744496,0.500167,0.452541,0.500586,0.491404,ArmCurl
2,wrist,1,0.456446,0.498104,0.744417,0.500222,0.459461,0.500409,0.493171,ArmCurl
2,wrist,1,0.43714,0.498825,0.743777,0.500047,0.470346,0.500266,0.525912,ArmCurl
2,wrist,1,0.428874,0.498499,0.744498,0.499905,0.48469,0.500166,0.477551,ArmCurl
2,wrist,1,0.424216,0.500037,0.743387,0.499939,0.5001,0.50003,0.47752,ArmCurl
2,wrist,1,0.429829,0.50066,0.742366,0.500276,0.51594,0.499575,0.458952,ArmCurl
2,wrist,1,0.439893,0.498949,0.744073,0.499702,0.52909,0.500183,0.498374,ArmCurl
2,wrist,1,0.453939,0.501037,0.745267,0.499949,0.541114,0.499898,0.5098,ArmCurl
2,wrist,1,0.475136,0.499768,0.745327,0.499872,0.547543,0.499792,0.471506,ArmCurl
2,wrist,1,0.50075,0.500789,0.743034,0.500018,0.5499,0.499804,0.514539,ArmCurl
2,wrist,1,0.52408,0.500596,0.746644,0.500288,0.547461,0.500487,0.538034,ArmCurl
2,wrist,1,0.543328,0.501915,0.743624,0.49977,0.54067,0.499962,0.51488,ArmCurl
2,wrist,1,0.56192,0.499355,0.74641,0.499893,0.529527,0.49984,0.492689,ArmCurl
2,wrist,1,0.572543,0.50212,0.744257,0.500414,0.515692,0.50021,0.509224,ArmCurl
2,wrist,1,0.576317,0.500955,0.746543,0.500329,0.500035,0.500055,0.499004,ArmCurl
2,wrist,1,0.570004,0.501075,0.746971,0.500126,0.484833,0.500123,0.497919,ArmCurl
2,wrist,1,0.561452,0.498978,0.746975,0.499653,0.470797,0.500026,0.490044,ArmCurl
2,wrist,1,0.54327,0.498857,0.746975,0.500847,0.459936,0.499671,0.50119,ArmCurl
2,wrist,1,0.523367,0.49943,0.745015,0.499838,0.451995,0.500254,0.509742,ArmCurl
2,wrist,1,0.499487,0.499509,0.744184,0.499809,0.450155,0.500127,0.521153,ArmCurl
2,wrist,1,0.477582,0.50053,0.74626,0.49995,0.452127,0.500076,0.523734,ArmCurl
2,wrist,1,0.452499,0.500027,0.746498,0.500432,0.459704,0.499596,0.515067,ArmCurl
2,wrist,1,0.438473,0.500561,0.743918,0.500089,0.470907,0.499827,0.4986,ArmCurl
2,wrist,1,0.428377,0.498899,0.747074,0.499908,0.484352,0.499828,0.540085,ArmCurl
2,wrist,1,0.425174,0.497573,0.74618,0.500185,0.500009,0.500354,0.484907,ArmCurl
2,wrist,1,0.427152,0.499959,0.745341,0.500105,0.515438,0.499592,0.504035,ArmCurl
2,wrist,1,0.438051,0.498601,0.742999,0.499795,0.529401,0.499933,0.474264,ArmCurl
2,wrist,1,0.455232,0.499375,0.743746,0.49976,0.540451,0.500161,0.526269,ArmCurl
2,wrist,1,0.47609,0.50197,0.744471,0.49986,0.547639,0.500254,0.523067,ArmCurl
2,wrist,1,0.500544,0.500729,0.74464,0.499955,0.549862,0.499832,0.535683,ArmCurl
2,wrist,1,0.523492,0.499284,0.745119,0.499993,0.547213,0.499768,0.505681,ArmCurl
2,wrist,1,0.544152,0.498992,0.74398,0.499668,0.540267,0.500059,0.508828,ArmCurl
2,wrist,1,0.559516,0.500319,0.747083,0.500033,0.529038,0.499836,0.50358,ArmCurl
2,wrist,1,0.573845,0.50007,0.746484,0.50002,0.515331,0.500145,0.509908,ArmCurl
2,wrist,1,0.576074,0.500916,0.743671,0.499584,0.499784,0.500279,0.504587,ArmCurl
2,wrist,1,0.573819,0.501233,0.747157,0.500421,0.484813,0.499996,0.507616,ArmCurl
2,wrist,1,0.561014,0.500196,0.745368,0.499969,0.470348,0.499886,0.489623,ArmCurl
2,wrist,1,0.544409,0.50125,0.745586,0.500355,0.459475,0.499893,0.499395,ArmCurl
2,wrist,1,0.523152,0.499897,0.744651,0.499984,0.452172,0.500043,0.525356,ArmCurl
2,wrist,1,0.501151,0.500251,0.744773,0.500059,0.449497,0.499764,0.499418,ArmCurl
2,wrist,1,0.475167,0.500211,0.746387,0.500386,0.453066,0.499975,0.530625,ArmCurl
2,wrist,1,0.455254,0.500293,0.746282,0.500375,0.459017,0.499825,0.501475,ArmCurl
2,wrist,1,0.439177,0.501648,0.743235,0.500203,0.470602,0.499694,0.520598,ArmCurl
2,wrist,1,0.426881,0.499241,0.745814,0.499829,0.484171,0.499649,0.434063,ArmCurl
2,wrist,1,0.425712,0.499152,0.745118,0.500185,0.500451,0.500292,0.487217,ArmCurl
2,wrist,1,0.42945,0.503716,0.744336,0.500638,0.515381,0.499811,0.509968,ArmCurl
2,wrist,1,0.439919,0.497313,0.744001,0.499857,0.529312,0.500444,0.511859,ArmCurl
2,wrist,1,0.45587,0.499593,0.744373,0.50008,0.54001,0.499722,0.501482,ArmCurl
2,wrist,1,0.476674,0.50121,0.74608,0.50056,0.547815,0.500139,0.489876,ArmCurl
2,wrist,1,0.49962,0.501002,0.744613,0.500072,0.550042,0.499701,0.483514,ArmCurl
2,wrist,1,0.523026,0.49966,0.745916,0.500147,0.547114,0.499949,0.480325,ArmCurl
2,wrist,1,0.543505,0.499838,0.746373,0.500041,0.540609,0.500051,0.539054,ArmCurl
2,wrist,1,0.559606,0.498642,0.744883,0.499754,0.529754,0.499992,0.511743,ArmCurl
2,wrist,1,0.572002,0.500417,0.74393,0.49988,0.515383,0.499953,0.484646,ArmCurl
2,wrist,1,0.572675,0.501159,0.746684,0.499827,0.500068,0.500326,0.47972,ArmCurl
2,wrist,1,0.570687,0.502002,0.746504,0.500436,0.484411,0.499864,0.50218,ArmCurl
2,wrist,1,0.560903,0.498967,0.746213,0.499878,0.470763,0.500028,0.523066,ArmCurl
2,wrist,1,0.544373,0.49943,0.745301,0.499933,0.459605,0.499873,0.51938,ArmCurl
2,wrist,1,0.523735,0.50018,0.744874,0.499813,0.452639,0.49996,0.481217,ArmCurl
2,wrist,1,0.500312,0.501981,0.745856,0.500174,0.450348,0.500542,0.478404,ArmCurl
2,wrist,1,0.478807,0.496566,0.744472,0.499966,0.452676,0.499932,0.47646,ArmCurl
2,wrist,1,0.455373,0.499523,0.742736,0.499883,0.459445,0.499971,0.478824,ArmCurl
2,wrist,1,0.439521,0.498794,0.743922,0.499215,0.470862,0.499974,0.513954,ArmCurl
2,wrist,1,0.428295,0.497578,0.743043,0.500129,0.484534,0.499825,0.514936,ArmCurl
2,wrist,1,0.426626,0.50009,0.745808,0.499753,0.499546,0.499863,0.483297,ArmCurl
2,wrist,1,0.426537,0.498794,0.745504,0.500469,0.515283,0.500187,0.505147,ArmCurl
2,wrist,1,0.439448,0.501544,0.745646,0.500414,0.529542,0.499637,0.46442,ArmCurl
2,wrist,1,0.455216,0.499372,0.743852,0.499988,0.540769,0.500036,0.520638,ArmCurl
2,wrist,1,0.476371,0.49892,0.744874,0.499927,0.547408,0.500192,0.523966,ArmCurl
2,wrist,1,0.498031,0.500393,0.745372,0.500009,0.550065,0.499721,0.486828,ArmCurl
2,wrist,1,0.52391,0.500481,0.744429,0.499939,0.547382,0.499968,0.510328,ArmCurl
2,wrist,1,0.542635,0.501269,0.747067,0.499732,0.540246,0.500072,0.467842,ArmCurl
2,wrist,1,0.558474,0.500533,0.74669,0.499895,0.528942,0.500213,0.463788,ArmCurl
2,wrist,1,0.572683,0.500533,0.744921,0.500214,0.515375,0.500334,0.524001,ArmCurl
2,wrist,1,0.575545,0.499768,0.744968,0.500283,0.500606,0.500078,0.490858,ArmCurl
2,wrist,1,0.570848,0.500536,0.746885,0.500238,0.484674,0.500152,0.498733,ArmCurl
2,wrist,1,0.560498,0.501097,0.747046,0.500269,0.470449,0.50026,0.554137,ArmCurl
2,wrist,1,0.544126,0.499853,0.743807,0.500029,0.459365,0.499963,0.503682,ArmCurl
2,wrist,1,0.522912,0.500338,0.747651,0.500261,0.452245,0.49924,0.497333,ArmCurl
2,wrist,1,0.500959,0.500428,0.744935,0.50015,0.450159,0.500009,0.466957,ArmCurl
2,wrist,1,0.475529,0.499289,0.745073,0.499478,0.452783,0.499884,0.506108,ArmCurl
2,wrist,1,0.454969,0.500333,0.745707,0.499848,0.459476,0.500196,0.47745,ArmCurl
2,wrist,1,0.436538,0.501033,0.74474,0.499961,0.470523,0.500143,0.49883,ArmCurl
2,wrist,1,0.428933,0.499552,0.742804,0.499761,0.484969,0.499997,0.518392,ArmCurl
2,wrist,1,0.425939,0.498243,0.745544,0.50011,0.500329,0.499726,0.47835,ArmCurl
2,wrist,1,0.430732,0.501176,0.745215,0.49945,0.515644,0.500232,0.52209,ArmCurl
2,wrist,1,0.439835,0.500715,0.744053,0.49984,0.529144,0.500436,0.539417,ArmCurl
2,wrist,1,0.455679,0.502277,0.744449,0.500051,0.540645,0.499886,0.484388,ArmCurl
2,wrist,1,0.476037,0.500527,0.746206,0.49993,0.547346,0.500124,0.50174,ArmCurl
2,wrist,1,0.50023,0.501307,0.745753,0.500029,0.550341,0.499877,0.470364,ArmCurl
2,wrist,1,0.519729,0.49797,0.744453,0.499552,0.547823,0.500382,0.456788,ArmCurl
2,wrist,1,0.543723,0.500272,0.74642,0.499947,0.540732,0.50012,0.533264,ArmCurl
2,wrist,1,0.562322,0.498288,0.745083,0.500148,0.529323,0.500096,0.485444,ArmCurl
2,wrist,1,0.572495,0.501114,0.744383,0.50021,0.515043,0.500135,0.487103,ArmCurl
2,wrist,1,0.572773,0.501329,0.745782,0.499971,0.500083,0.499958,0.512689,ArmCurl
2,wrist,1,0.570581,0.498693,0.744986,0.499945,0.485096,0.499891,0.471205,ArmCurl
2,wrist,1,0.560425,0.498355,0.746287,0.500089,0.470792,0.500117,0.481615,ArmCurl
2,wrist,1,0.541726,0.499607,0.742078,0.500137,0.459503,0.500279,0.516014,ArmCurl
2,wrist,1,0.522734,0.499864,0.745081,0.499891,0.451967,0.49976,0.498279,ArmCurl
2,wrist,1,0.499465,0.498945,0.743709,0.499754,0.45008,0.500184,0.499288,ArmCurl
2,wrist,1,0.47679,0.499602,0.743197,0.500127,0.452619,0.500121,0.498082,ArmCurl
2,wrist,1,0.456112,0.501117,0.744325,0.499851,0.459237,0.500057,0.521866,ArmCurl
2,wrist,1,0.439346,0.499928,0.744518,0.500479,0.4704,0.500301,0.501129,ArmCurl
2,wrist,1,0.428103,0.498861,0.743277,0.499629,0.483882,0.499641,0.516907,ArmCurl
2,wrist,1,0.424361,0.49993,0.746748,0.499978,0.499623,0.499943,0.516053,ArmCurl
2,wrist,1,0.429744,0.499676,0.745174,0.49976,0.514772,0.499996,0.550338,ArmCurl
2,wrist,1,0.440991,0.500393,0.744982,0.500055,0.529505,0.500871,0.520469,ArmCurl
2,wrist,1,0.454332,0.500345,0.74403,0.500032,0.540299,0.500082,0.514573,ArmCurl
2,wrist,1,0.477381,0.499176,0.745616,0.50028,0.547624,0.500191,0.50042,ArmCurl
2,wrist,1,0.495231,0.499477,0.744974,0.500425,0.549788,0.500193,0.515849,ArmCurl
2,wrist,1,0.521975,0.500574,0.746946,0.499997,0.547459,0.499597,0.48405,ArmCurl
2,wrist,1,0.544269,0.49995,0.745457,0.500499,0.540503,0.500059,0.523837,ArmCurl
2,wrist,1,0.557164,0.498817,0.747241,0.49981,0.529633,0.500195,0.513503,ArmCurl
2,wrist,1,0.570851,0.50179,0.743262,0.500243,0.5154,0.50039,0.512695,ArmCurl
2,wrist,1,0.574641,0.497724,0.747168,0.50051,0.500057,0.499792,0.479142,ArmCurl
2,wrist,1,0.572358,0.499777,0.744083,0.499789,0.484721,0.500206,0.466461,ArmCurl
2,wrist,1,0.559372,0.497778,0.745902,0.49968,0.470586,0.500069,0.492171,ArmCurl
2,wrist,1,0.543558,0.499743,0.74635,0.499536,0.459076,0.499671,0.49472,ArmCurl
2,wrist,1,0.523409,0.498953,0.744329,0.500442,0.452496,0.500204,0.53295,ArmCurl
2,wrist,1,0.502074,0.500796,0.746332,0.499785,0.450221,0.499325,0.466248,ArmCurl
2,wrist,1,0.476312,0.501216,0.744425,0.499841,0.452391,0.499821,0.485706,ArmCurl
2,wrist,1,0.456947,0.498054,0.747963,0.500283,0.459275,0.500326,0.497619,ArmCurl
2,wrist,1,0.439817,0.499564,0.746265,0.500089,0.47039,0.499957,0.515647,ArmCurl
2,wrist,1,0.429135,0.500332,0.746477,0.500428,0.484645,0.500055,0.465601,ArmCurl
2,wrist,1,0.42369,0.498094,0.745117,0.499805,0.499623,0.50012,0.518355,ArmCurl
2,wrist,1,0.430589,0.499805,0.744298,0.499753,0.515594,0.500496,0.505385,ArmCurl
2,wrist,1,0.437601,0.499796,0.746368,0.499982,0.529419,0.499924,0.488726,ArmCurl
2,wrist,1,0.459188,0.500666,0.744097,0.499755,0.539976,0.499653,0.510807,ArmCurl
2,wrist,1,0.476819,0.499655,0.745706,0.499703,0.547568,0.499965,0.492686,ArmCurl
2,wrist,1,0.499927,0.500196,0.745102,0.500041,0.55019,0.499998,0.494967,ArmCurl
2,wrist,1,0.522589,0.501176,0.743428,0.50016,0.547637,0.499923,0.521058,ArmCurl
2,wrist,1,0.543277,0.502703,0.744027,0.500332,0.540418,0.499935,0.520142,ArmCurl
2,wrist,1,0.557509,0.500543,0.745737,0.499968,0.529306,0.499846,0.506944,ArmCurl
2,wrist,1,0.571449,0.501811,0.744359,0.499848,0.51556,0.499917,0.492631,ArmCurl
2,wrist,1,0.572972,0.500774,0.742897,0.499979,0.499772,0.500033,0.522401,ArmCurl
2,wrist,1,0.572385,0.500793,0.746084,0.500189,0.484653,0.499938,0.525282,ArmCurl
2,wrist,1,0.563136,0.500359,0.745739,0.499893,0.470571,0.500581,0.507,ArmCurl
2,wrist,1,0.542819,0.500466,0.7452,0.499929,0.459378,0.499655,0.51346,ArmCurl
2,wrist,1,0.523959,0.501533,0.745278,0.499923,0.452679,0.500269,0.493313,ArmCurl
2,wrist,1,0.50029,0.50006,0.742424,0.50018,0.449538,0.499987,0.521311,ArmCurl
2,wrist,1,0.475234,0.497673,0.745694,0.499693,0.452074,0.499818,0.567681,ArmCurl
2,wrist,1,0.456562,0.499989,0.743833,0.500071,0.459285,0.500023,0.50967,ArmCurl
2,wrist,1,0.440837,0.501105,0.744412,0.499653,0.470376,0.499656,0.503715,ArmCurl
2,wrist,1,0.428289,0.499549,0.745314,0.499752,0.484289,0.499897,0.484742,ArmCurl
2,wrist,1,0.42297,0.499578,0.746385,0.499854,0.499535,0.499963,0.503859,ArmCurl
2,wrist,1,0.430151,0.500312,0.745775,0.499738,0.515148,0.499905,0.513171,ArmCurl
2,wrist,1,0.438707,0.500835,0.746666,0.499504,0.529659,0.500078,0.511478,ArmCurl
2,wrist,1,0.454747,0.500439,0.742408,0.500104,0.540513,0.50006,0.483889,ArmCurl
2,wrist,1,0.476755,0.499465,0.74446,0.500042,0.547565,0.500411,0.484005,ArmCurl
2,wrist,1,0.498925,0.500985,0.746436,0.500537,0.549971,0.499708,0.519483,ArmCurl
2,wrist,1,0.522767,0.498923,0.747626,0.499701,0.547225,0.499957,0.511995,ArmCurl
2,wrist,1,0.545091,0.500831,0.745391,0.500284,0.540092,0.500688,0.511365,ArmCurl
2,wrist,1,0.560005,0.498696,0.746733,0.500478,0.529508,0.500371,0.506974,ArmCurl
2,wrist,1,0.569546,0.499782,0.745223,0.500235,0.515476,0.49988,0.494081,ArmCurl
2,wrist,1,0.573479,0.499409,0.745827,0.499954,0.500147,0.500462,0.493615,ArmCurl
2,wrist,1,0.571202,0.498106,0.744342,0.499435,0.484439,0.500023,0.512467,ArmCurl
2,wrist,1,0.560763,0.499059,0.746553,0.500666,0.470696,0.500318,0.486736,ArmCurl
2,wrist,1,0.54473,0.499148,0.746252,0.499951,0.459734,0.499927,0.554788,ArmCurl
2,wrist,1,0.523304,0.49965,0.745042,0.499797,0.45276,0.49983,0.472594,ArmCurl
2,wrist,1,0.501417,0.499573,0.744318,0.500337,0.44995,0.500344,0.468552,ArmCurl
2,wrist,1,0.475131,0.500006,0.746729,0.499864,0.452473,0.499555,0.446623,ArmCurl
2,wrist,1,0.456103,0.500386,0.744435,0.499775,0.45955,0.500126,0.491917,ArmCurl
2,wrist,1,0.43988,0.500132,0.745521,0.50063,0.470375,0.500009,0.491222,ArmCurl
2,wrist,1,0.426726,0.499027,0.74315,0.499814,0.484277,0.500083,0.506227,ArmCurl
2,wrist,1,0.423074,0.500915,0.746376,0.499924,0.499577,0.499901,0.513347,ArmCurl
2,wrist,1,0.429274,0.502502,0.74433,0.500213,0.515236,0.500135,0.497049,ArmCurl
2,wrist,1,0.441334,0.497226,0.74538,0.499886,0.529161,0.500139,0.50993,ArmCurl
2,wrist,1,0.455716,0.501467,0.744402,0.49994,0.540746,0.49989,0.480569,ArmCurl
2,wrist,1,0.476319,0.49686,0.745596,0.500062,0.547704,0.50028,0.494043,ArmCurl
2,wrist,1,0.498427,0.500464,0.74529,0.499519,0.549577,0.499899,0.513073,ArmCurl
2,wrist,1,0.523504,0.499991,0.743797,0.499854,0.547586,0.499894,0.514594,ArmCurl
2,wrist,1,0.543439,0.499611,0.745106,0.499934,0.540866,0.500096,0.520284,ArmCurl
2,wrist,1,0.561027,0.498572,0.747188,0.500501,0.529682,0.499929,0.497953,ArmCurl
2,wrist,1,0.570386,0.500198,0.743635,0.500327,0.515282,0.49969,0.537591,ArmCurl
2,wrist,1,0.575051,0.497966,0.745756,0.500739,0.500076,0.50022,0.46604,ArmCurl
2,wrist,1,0.570804,0.501602,0.74383,0.500105,0.484201,0.500375,0.481587,ArmCurl
2,wrist,1,0.560941,0.500622,0.744921,0.499935,0.470744,0.500194,0.500108,ArmCurl
2,wrist,1,0.543135,0.500473,0.745791,0.500069,0.459952,0.500003,0.482427,ArmCurl
2,wrist,1,0.520862,0.499364,0.744666,0.499969,0.45279,0.500166,0.501432,ArmCurl
2,wrist,1,0.501864,0.501256,0.744757,0.499966,0.45024,0.499853,0.494886,ArmCurl
2,wrist,1,0.476312,0.500973,0.744286,0.500006,0.452879,0.499553,0.493873,ArmCurl
2,wrist,1,0.455381,0.501258,0.745897,0.500217,0.459246,0.500288,0.49959,ArmCurl
2,wrist,1,0.441653,0.501656,0.743488,0.49967,0.470266,0.499851,0.502183,ArmCurl
2,wrist,1,0.42887,0.498257,0.745692,0.500473,0.484787,0.50033,0.494741,ArmCurl
2,wrist,1,0.424054,0.500226,0.7427,0.499904,0.500108,0.500116,0.498671,ArmCurl
2,wrist,1,0.429252,0.499261,0.743483,0.50021,0.515549,0.499967,0.525143,ArmCurl
2,wrist,1,0.439248,0.50179,0.745403,0.499828,0.529291,0.500404,0.486964,ArmCurl
2,wrist,1,0.455455,0.499389,0.744396,0.500024,0.540681,0.500193,0.505754,ArmCurl
2,wrist,1,0.475514,0.499946,0.744654,0.500069,0.547311,0.50002,0.518841,ArmCurl
2,wrist,1,0.502607,0.500268,0.746381,0.499918,0.550406,0.500028,0.528665,ArmCurl
2,wrist,1,0.523117,0.501148,0.745565,0.500458,0.547149,0.500389,0.516876,ArmCurl
2,wrist,1,0.543029,0.500667,0.744571,0.500401,0.5406,0.499759,0.487432,ArmCurl
2,wrist,1,0.560642,0.500235,0.744536,0.500021,0.529033,0.499827,0.48908,ArmCurl
2,wrist,1,0.571956,0.501773,0.745705,0.500454,0.515188,0.499942,0.472872,ArmCurl
2,wrist,1,0.574146,0.499192,0.744794,0.500062,0.499603,0.499886,0.491932,ArmCurl
2,wrist,1,0.571833,0.498453,0.745076,0.500236,0.484522,0.500326,0.492074,ArmCurl
2,wrist,1,0.561026,0.500143,0.746571,0.499812,0.470678,0.500485,0.503482,ArmCurl
2,wrist,1,0.543995,0.501428,0.74508,0.49974,0.459543,0.499898,0.517498,ArmCurl
2,wrist,1,0.523879,0.501219,0.74488,0.499684,0.452257,0.500044,0.536136,ArmCurl
2,wrist,1,0.499401,0.501483,0.744675,0.500057,0.449466,0.499923,0.512298,ArmCurl
2,wrist,1,0.476347,0.498972,0.74923,0.499831,0.452638,0.500231,0.503705,ArmCurl
2,wrist,1,0.45693,0.502001,0.74847,0.500481,0.459171,0.500447,0.521683,ArmCurl
2,wrist,1,0.439412,0.497862,0.745766,0.500213,0.470558,0.500029,0.482688,ArmCurl
2,wrist,1,0.42882,0.498947,0.744307,0.500197,0.484671,0.500163,0.505162,ArmCurl
2,wrist,1,0.428873,0.50088,0.748241,0.500346,0.500341,0.500085,0.519865,ArmCurl
2,wrist,1,0.42713,0.498661,0.743072,0.499914,0.515593,0.500071,0.4948,ArmCurl
2,wrist,1,0.439777,0.499403,0.745042,0.499736,0.529305,0.499998,0.447147,ArmCurl
2,wrist,1,0.456896,0.499144,0.745043,0.500054,0.540296,0.499893,0.507271,ArmCurl
2,wrist,1,0.477912,0.499343,0.746819,0.500069,0.547607,0.499585,0.500626,ArmCurl
2,wrist,1,0.500639,0.501328,0.745346,0.500026,0.549647,0.500204,0.503189,ArmCurl
2,wrist,1,0.523102,0.500502,0.744991,0.499528,0.547282,0.499584,0.531101,ArmCurl
2,wrist,1,0.544378,0.501357,0.746517,0.500287,0.540372,0.500243,0.523621,ArmCurl
2,wrist,1,0.561663,0.497273,0.743073,0.499814,0.529298,0.500104,0.478163,ArmCurl
2,wrist,1,0.572123,0.502086,0.744602,0.499768,0.514796,0.499908,0.46801,ArmCurl
2,wrist,1,0.575265,0.49928,0.744569,0.500082,0.499696,0.500345,0.51171,ArmCurl
2,wrist,1,0.57069,0.500005,0.744756,0.499937,0.484765,0.49952,0.518679,ArmCurl
2,wrist,1,0.560356,0.502797,0.744312,0.499914,0.470305,0.499936,0.511865,ArmCurl
2,wrist,1,0.547302,0.498706,0.745923,0.500004,0.459095,0.500234,0.504015,ArmCurl
2,wrist,1,0.522434,0.50027,0.745392,0.499785,0.452491,0.500349,0.485267,ArmCurl
2,wrist,1,0.498203,0.499331,0.74564,0.500076,0.450206,0.500231,0.488276,ArmCurl
2,wrist,1,0.475861,0.499925,0.745138,0.500069,0.452468,0.499925,0.513153,ArmCurl
2,wrist,1,0.456249,0.499008,0.742063,0.49973,0.459974,0.500365,0.448289,ArmCurl
2,wrist,1,0.438951,0.499325,0.745153,0.500094,0.470443,0.500402,0.508833,ArmCurl
2,wrist,1,0.429181,0.500629,0.74462,0.499823,0.484595,0.500522,0.516137,ArmCurl
2,wrist,1,0.425743,0.501389,0.744458,0.499915,0.499961,0.500003,0.488896,ArmCurl
2,wrist,1,0.428763,0.500403,0.74521,0.499991,0.515662,0.499958,0.500765,ArmCurl
2,wrist,1,0.43829,0.503493,0.744877,0.500161,0.529555,0.499721,0.51582,ArmCurl
2,wrist,1,0.454866,0.502576,0.745935,0.499964,0.540427,0.499958,0.467134,ArmCurl
2,wrist,1,0.477043,0.499048,0.745682,0.499798,0.547903,0.500014,0.498422,ArmCurl
2,wrist,1,0.500924,0.500559,0.743463,0.500175,0.550125,0.500175,0.509699,ArmCurl
2,wrist,1,0.521612,0.500535,0.745185,0.500061,0.547819,0.500126,0.499073,ArmCurl
2,wrist,1,0.542653,0.499601,0.745,0.500449,0.540342,0.500116,0.496768,ArmCurl
2,wrist,1,0.56062,0.499911,0.744237,0.499973,0.529285,0.499755,0.494548,ArmCurl
2,wrist,1,0.5712,0.501556,0.745156,0.499767,0.51546,0.500468,0.498465,ArmCurl
2,wrist,1,0.576065,0.500807,0.745585,0.499611,0.499999,0.500226,0.441647,ArmCurl
2,wrist,1,0.570413,0.501172,0.745582,0.499878,0.484515,0.500226,0.488827,ArmCurl
2,wrist,1,0.56126,0.498176,0.746685,0.499552,0.471018,0.50039,0.503911,ArmCurl
2,wrist,1,0.54594,0.500776,0.743649,0.500091,0.459583,0.500006,0.546931,ArmCurl
2,wrist,1,0.522477,0.503292,0.744257,0.499953,0.452375,0.500207,0.484456,ArmCurl
2,wrist,1,0.4982,0.498904,0.746301,0.499968,0.450176,0.499726,0.499958,ArmCurl
2,wrist,1,0.476189,0.498824,0.744837,0.500121,0.452352,0.500118,0.509849,ArmCurl
2,wrist,1,0.453652,0.500104,0.743893,0.500033,0.459424,0.499883,0.496318,ArmCurl
2,wrist,1,0.438858,0.498401,0.744976,0.500175,0.471064,0.499949,0.502841,ArmCurl
2,wrist,1,0.428833,0.498468,0.74403,0.500052,0.484505,0.500093,0.515728,ArmCurl
2,wrist,1,0.424612,0.49971,0.746366,0.49985,0.500257,0.500157,0.488918,ArmCurl
2,wrist,1,0.427659,0.501095,0.747392,0.499792,0.515295,0.499742,0.540671,ArmCurl
2,wrist,1,0.440141,0.501195,0.745379,0.500045,0.529573,0.500651,0.500416,ArmCurl
2,wrist,1,0.454791,0.500305,0.744649,0.50072,0.540661,0.499942,0.505324,ArmCurl
2,wrist,1,0.475978,0.500295,0.746148,0.499939,0.547546,0.500024,0.527486,ArmCurl
2,wrist,1,0.499405,0.500156,0.743793,0.500212,0.549991,0.499969,0.507291,ArmCurl
2,wrist,1,0.524623,0.501507,0.746263,0.500034,0.547968,0.499871,0.519002,ArmCurl
2,wrist,1,0.541805,0.500679,0.744844,0.499818,0.540737,0.499266,0.487056,ArmCurl
2,wrist,1,0.560805,0.499538,0.743984,0.499895,0.529509,0.500297,0.487587,ArmCurl
2,wrist,1,0.570577,0.499519,0.745227,0.500262,0.515373,0.500143,0.524218,ArmCurl
2,wrist,1,0.577752,0.499657,0.744715,0.499541,0.499452,0.499987,0.538193,ArmCurl
2,wrist,1,0.572268,0.497666,0.744375,0.500413,0.484961,0.499702,0.500348,ArmCurl
2,wrist,1,0.56022,0.499799,0.746841,0.499531,0.470549,0.500047,0.520975,ArmCurl
2,wrist,1,0.542595,0.499245,0.745384,0.499996,0.459507,0.500381,0.467711,ArmCurl
2,wrist,1,0.522622,0.499146,0.745558,0.500053,0.452904,0.500085,0.494775,ArmCurl
2,wrist,1,0.5003,0.499602,0.745641,0.500415,0.449985,0.500638,0.518407,ArmCurl
2,wrist,1,0.477467,0.498238,0.743523,0.499707,0.452721,0.500138,0.511739,ArmCurl
2,wrist,1,0.453599,0.499327,0.74581,0.500117,0.460157,0.500144,0.504214,ArmCurl
2,wrist,1,0.439785,0.498353,0.746157,0.500057,0.470798,0.500421,0.479628,ArmCurl
2,wrist,1,0.430659,0.499253,0.745224,0.49987,0.485058,0.500286,0.495881,ArmCurl
2,wrist,1,0.424259,0.501238,0.745425,0.499844,0.49985,0.50019,0.536428,ArmCurl
2,wrist,1,0.430636,0.498139,0.745146,0.499958,0.515299,0.500012,0.53362,ArmCurl
2,wrist,1,0.44003,0.499196,0.745128,0.500386,0.529395,0.499616,0.532133,ArmCurl
2,wrist,1,0.457677,0.50187,0.744205,0.500058,0.540204,0.500274,0.512411,ArmCurl
2,wrist,1,0.476446,0.501598,0.745245,0.500108,0.547347,0.500162,0.506848,ArmCurl
2,wrist,1,0.500707,0.500018,0.746559,0.499755,0.549836,0.500076,0.448042,ArmCurl
2,wrist,1,0.523837,0.500234,0.746791,0.499615,0.548201,0.500269,0.508533,ArmCurl
2,wrist,1,0.54513,0.501505,0.745678,0.500245,0.540319,0.499711,0.489725,ArmCurl
2,wrist,1,0.561713,0.499742,0.745972,0.499817,0.529363,0.499915,0.507217,ArmCurl
2,wrist,1,0.570865,0.501169,0.746808,0.500437,0.514874,0.499726,0.480854,ArmCurl
2,wrist,1,0.574604,0.501099,0.745389,0.500062,0.500108,0.499989,0.535287,ArmCurl
2,wrist,1,0.568698,0.502796,0.745302,0.500436,0.4848,0.50022,0.507529,ArmCurl
2,wrist,1,0.560485,0.499591,0.74236,0.499693,0.470666,0.500133,0.514232,ArmCurl
2,wrist,1,0.540471,0.501326,0.745678,0.49995,0.459919,0.500051,0.529576,ArmCurl
2,wrist,1,0.521927,0.499307,0.744471,0.500074,0.452266,0.500324,0.515853,ArmCurl
2,wrist,1,0.499661,0.498496,0.74641,0.499959,0.449763,0.499978,0.515776,ArmCurl
2,wrist,1,0.476316,0.500553,0.746338,0.50047,0.452419,0.49991,0.473494,ArmCurl
2,wrist,1,0.454843,0.497539,0.745856,0.499741,0.459407,0.499566,0.522973,ArmCurl
2,wrist,1,0.439471,0.500099,0.744344,0.499692,0.470404,0.499868,0.50054,ArmCurl
2,wrist,1,0.428778,0.500363,0.745367,0.500185,0.484662,0.499834,0.455863,ArmCurl
2,wrist,1,0.426719,0.500108,0.745086,0.500173,0.499994,0.500406,0.480467,ArmCurl
2,wrist,1,0.425956,0.502506,0.745181,0.499763,0.515868,0.499882,0.513413,ArmCurl
2,wrist,1,0.438974,0.500402,0.742981,0.500137,0.529327,0.499702,0.457687,ArmCurl
2,wrist,1,0.455223,0.49873,0.746368,0.499889,0.540376,0.500033,0.462307,ArmCurl
2,wrist,1,0.478415,0.499144,0.746657,0.499672,0.547295,0.499798,0.514091,ArmCurl
2,wrist,1,0.499709,0.499015,0.743491,0.499684,0.550233,0.500108,0.484472,ArmCurl
2,wrist,1,0.522344,0.50003,0.744858,0.499682,0.547664,0.499514,0.450718,ArmCurl
2,wrist,1,0.544683,0.500844,0.746313,0.500091,0.540363,0.499885,0.539569,ArmCurl
2,wrist,1,0.561147,0.50098,0.74548,0.499585,0.529931,0.500055,0.459615,ArmCurl
2,wrist,1,0.572363,0.503788,0.746394,0.500236,0.515644,0.499876,0.489154,ArmCurl
2,wrist,1,0.576773,0.501131,0.743946,0.499727,0.499998,0.499617,0.52834,ArmCurl
2,wrist,1,0.57263,0.499546,0.74575,0.499768,0.484516,0.500152,0.496068,ArmCurl
2,wrist,1,0.562536,0.50027,0.744282,0.50001,0.470712,0.500213,0.48615,ArmCurl
2,wrist,1,0.545154,0.500075,0.746866,0.500048,0.459834,0.500162,0.499192,ArmCurl
2,wrist,1,0.522504,0.501848,0.746733,0.500074,0.452494,0.499821,0.48389,ArmCurl
2,wrist,1,0.498708,0.498713,0.744078,0.499578,0.449578,0.500099,0.472802,ArmCurl
2,wrist,1,0.477079,0.501754,0.743938,0.500217,0.452678,0.49998,0.493087,ArmCurl
2,wrist,1,0.456715,0.501649,0.742721,0.500013,0.459336,0.500282,0.45657,ArmCurl
2,wrist,1,0.437182,0.499103,0.745484,0.499919,0.47071,0.499857,0.48343,ArmCurl
2,wrist,1,0.429473,0.498147,0.74646,0.500083,0.484378,0.500065,0.494234,ArmCurl
2,wrist,1,0.426592,0.499249,0.745191,0.499973,0.500254,0.500244,0.523112,ArmCurl
2,wrist,1,0.426121,0.499864,0.743226,0.500065,0.51539,0.500069,0.528069,ArmCurl
2,wrist,1,0.437615,0.502858,0.74463,0.500312,0.529412,0.499991,0.52505,ArmCurl
2,wrist,1,0.454751,0.500017,0.745327,0.499714,0.540432,0.499812,0.47812,ArmCurl
2,wrist,1,0.47796,0.500524,0.74561,0.499829,0.546962,0.500421,0.474568,ArmCurl
2,wrist,1,0.501494,0.500137,0.745385,0.49983,0.550472,0.500315,0.466709,ArmCurl
2,wrist,1,0.521794,0.499371,0.746538,0.499592,0.547316,0.500309,0.50195,ArmCurl
2,wrist,1,0.54347,0.497776,0.744949,0.500167,0.540212,0.500101,0.494956,ArmCurl
2,wrist,1,0.559492,0.501378,0.744822,0.499886,0.529126,0.500046,0.53706,ArmCurl
2,wrist,1,0.572495,0.501995,0.74618,0.500092,0.515184,0.500056,0.486388,ArmCurl
2,wrist,1,0.574731,0.497476,0.744623,0.500012,0.500117,0.500026,0.509811,ArmCurl
2,wrist,1,0.568308,0.501137,0.744855,0.499905,0.484055,0.499899,0.490941,ArmCurl
2,wrist,1,0.560098,0.49814,0.745322,0.500019,0.470125,0.500282,0.495722,ArmCurl
2,wrist,1,0.54321,0.500292,0.746186,0.500286,0.459561,0.500325,0.484279,ArmCurl
2,wrist,1,0.522873,0.498738,0.747413,0.499607,0.452364,0.499841,0.493194,ArmCurl
2,wrist,1,0.499341,0.500375,0.744876,0.499737,0.449931,0.500156,0.546462,ArmCurl
2,wrist,1,0.475396,0.497555,0.744169,0.499984,0.452742,0.499893,0.4999,ArmCurl
2,wrist,1,0.456418,0.500686,0.748525,0.499905,0.459654,0.499964,0.516247,ArmCurl
2,wrist,1,0.439731,0.499732,0.745869,0.499945,0.470871,0.500327,0.474131,ArmCurl
2,wrist,1,0.426668,0.502193,0.744118,0.499832,0.484675,0.499818,0.494503,ArmCurl
2,wrist,1,0.424273,0.498268,0.746151,0.500031,0.500071,0.499781,0.475378,ArmCurl
2,wrist,1,0.42811,0.500708,0.746062,0.50031,0.51535,0.499881,0.494339,ArmCurl
2,wrist,1,0.438277,0.497658,0.74576,0.500101,0.529198,0.499508,0.516569,ArmCurl
2,wrist,1,0.455286,0.500517,0.743681,0.500367,0.540308,0.499709,0.500755,ArmCurl
2,wrist,1,0.475679,0.499149,0.745206,0.500145,0.547722,0.500561,0.48626,ArmCurl
2,wrist,1,0.501581,0.497549,0.743121,0.500057,0.549757,0.499681,0.493166,ArmCurl
2,wrist,1,0.521257,0.499805,0.743937,0.499953,0.547523,0.499769,0.467328,ArmCurl
2,wrist,1,0.545741,0.500449,0.745885,0.50022,0.540714,0.499676,0.515926,ArmCurl
2,wrist,1,0.562545,0.499433,0.746216,0.500095,0.529356,0.500038,0.48777,ArmCurl
2,wrist,1,0.570929,0.497573,0.743779,0.499556,0.5154,0.500231,0.548807,ArmCurl
2,wrist,1,0.572866,0.49772,0.745318,0.500008,0.499611,0.499919,0.510006,ArmCurl
2,wrist,1,0.572398,0.499319,0.746218,0.499971,0.484335,0.500456,0.467939,ArmCurl
2,wrist,1,0.559029,0.499518,0.742867,0.499761,0.47024,0.499706,0.508884,ArmCurl
2,wrist,1,0.54531,0.500968,0.744766,0.500166,0.459546,0.49991,0.471154,ArmCurl
2,wrist,1,0.523984,0.500174,0.745332,0.500006,0.45248,0.500278,0.471677,ArmCurl
2,wrist,1,0.499915,0.499329,0.744111,0.499889,0.450041,0.500094,0.481256,ArmCurl
2,wrist,1,0.47805,0.499243,0.745134,0.500078,0.451951,0.500322,0.505887,ArmCurl
2,wrist,1,0.456469,0.499346,0.748296,0.500131,0.459541,0.500037,0.5154,ArmCurl
2,wrist,1,0.43873,0.501114,0.745133,0.499887,0.470704,0.500023,0.523057,ArmCurl
2,wrist,1,0.429276,0.499712,0.745097,0.499941,0.48504,0.499865,0.508423,ArmCurl
2,wrist,1,0.42509,0.499374,0.744317,0.500196,0.499839,0.499865,0.476176,ArmCurl
2,wrist,1,0.429126,0.500585,0.745807,0.499832,0.515426,0.500357,0.515879,ArmCurl
2,wrist,1,0.440248,0.499467,0.746085,0.500019,0.528996,0.500277,0.506404,ArmCurl
2,wrist,1,0.455934,0.498964,0.745314,0.50006,0.540499,0.499785,0.493165,ArmCurl
2,wrist,1,0.477604,0.498196,0.745656,0.4999,0.547779,0.500112,0.514455,ArmCurl
2,wrist,1,0.497604,0.499711,0.7465,0.499784,0.549282,0.499985,0.523872,ArmCurl
2,wrist,1,0.522942,0.498079,0.745436,0.499627,0.54755,0.499795,0.480128,ArmCurl
2,wrist,1,0.545422,0.500556,0.746655,0.499829,0.540971,0.499914,0.515826,ArmCurl
2,wrist,1,0.560926,0.501305,0.745002,0.499802,0.529748,0.500024,0.505466,ArmCurl
2,wrist,1,0.570458,0.4989,0.744454,0.500082,0.515974,0.5001,0.47671,ArmCurl
2,wrist,1,0.576794,0.501666,0.745146,0.499828,0.500459,0.500048,0.54417,ArmCurl
2,wrist,1,0.571966,0.501671,0.745774,0.500459,0.484616,0.500032,0.500406,ArmCurl
2,wrist,1,0.563633,0.499522,0.746265,0.499737,0.470401,0.499991,0.496656,ArmCurl
2,wrist,1,0.544522,0.499153,0.743717,0.499854,0.459709,0.500191,0.466053,ArmCurl
2,wrist,1,0.525569,0.498404,0.744755,0.500175,0.452615,0.500338,0.441094,ArmCurl
2,wrist,1,0.500106,0.498992,0.747021,0.499809,0.450045,0.499478,0.484461,ArmCurl
2,wrist,1,0.476891,0.50069,0.745856,0.500075,0.452636,0.500301,0.481118,ArmCurl
2,wrist,1,0.456768,0.501039,0.74607,0.499671,0.459507,0.49996,0.466752,ArmCurl
2,wrist,1,0.43932,0.500676,0.746424,0.499716,0.470562,0.499814,0.508935,ArmCurl
2,wrist,1,0.430151,0.500404,0.743121,0.499741,0.48412,0.500018,0.48056,ArmCurl
2,wrist,1,0.425237,0.501206,0.74761,0.500289,0.499588,0.500468,0.498427,ArmCurl
2,wrist,1,0.429407,0.498297,0.745937,0.499887,0.515807,0.499656,0.501785,ArmCurl
2,wrist,1,0.439365,0.501176,0.746421,0.500347,0.529693,0.499613,0.513794,ArmCurl
2,wrist,1,0.458611,0.497745,0.745918,0.499835,0.540557,0.500515,0.499197,ArmCurl
2,wrist,1,0.474432,0.497087,0.744955,0.499796,0.547527,0.499983,0.513825,ArmCurl
2,wrist,1,0.501498,0.499873,0.743046,0.500081,0.499604,0.499814,0.526634,Null
2,wrist,1,0.499636,0.501505,0.745998,0.499984,0.500307,0.500143,0.467282,Null
2,wrist,1,0.499187,0.500383,0.745017,0.500531,0.499805,0.499716,0.467286,Null
2,wrist,1,0.501069,0.501189,0.745519,0.5001,0.499585,0.500359,0.498534,Null
2,wrist,1,0.500474,0.4999,0.743583,0.499764,0.499782,0.500029,0.503314,Null
2,wrist,1,0.502814,0.499606,0.74446,0.500081,0.499813,0.499796,0.52818,Null
2,wrist,1,0.499682,0.498083,0.746028,0.499914,0.50015,0.499829,0.501297,Null
2,wrist,1,0.499708,0.500053,0.744,0.500347,0.500432,0.500312,0.496171,Null
2,wrist,1,0.500335,0.499913,0.746395,0.500164,0.499854,0.499539,0.496449,Null
2,wrist,1,0.499286,0.500002,0.745845,0.499908,0.500188,0.499673,0.480233,Null
2,wrist,1,0.499039,0.502737,0.746836,0.499955,0.499859,0.500254,0.512581,Null
2,wrist,1,0.501256,0.501571,0.743836,0.499824,0.499981,0.499863,0.472208,Null
2,wrist,1,0.498871,0.502769,0.746828,0.499807,0.500129,0.50005,0.47927,Null
2,wrist,1,0.49944,0.500196,0.746381,0.500237,0.500166,0.499834,0.484365,Null
2,wrist,1,0.500524,0.499864,0.744272,0.499909,0.500132,0.499546,0.489251,Null
2,wrist,1,0.498643,0.499854,0.746803,0.500243,0.499615,0.500192,0.481925,Null
2,wrist,1,0.499982,0.500049,0.745055,0.500096,0.499994,0.499771,0.49533,Null
2,wrist,1,0.500788,0.498414,0.743339,0.499598,0.499798,0.499958,0.507181,Null
2,wrist,1,0.500101,0.497895,0.742811,0.499736,0.499994,0.500086,0.479741,Null
2,wrist,1,0.502015,0.501674,0.746459,0.50041,0.500556,0.500016,0.485333,Null
2,wrist,1,0.499647,0.500099,0.74401,0.499588,0.499688,0.500175,0.531895,Null
2,wrist,1,0.500366,0.49913,0.744292,0.500593,0.499587,0.500216,0.499921,Null
2,wrist,1,0.499135,0.498481,0.746798,0.50022,0.500111,0.49986,0.511614,Null
2,wrist,1,0.498306,0.501436,0.746121,0.500294,0.499896,0.500074,0.519727,Null
2,wrist,1,0.49924,0.500118,0.745816,0.500077,0.500455,0.499606,0.475689,Null
2,wrist,1,0.500733,0.4972,0.745744,0.50029,0.500256,0.499657,0.48987,Null
2,wrist,1,0.499729,0.497537,0.745445,0.49987,0.50015,0.500094,0.507218,Null
2,wrist,1,0.499748,0.500046,0.744239,0.499653,0.500343,0.499897,0.520551,Null
2,wrist,1,0.500127,0.498326,0.745794,0.499852,0.499953,0.50013,0.490001,Null
2,wrist,1,0.501806,0.499612,0.746542,0.49963,0.499896,0.499856,0.496706,Null
2,wrist,1,0.499775,0.501016,0.746174,0.499614,0.49954,0.499762,0.503,Null
2,wrist,1,0.497726,0.499843,0.745352,0.499906,0.500207,0.500006,0.470427,Null
2,wrist,1,0.497978,0.500288,0.746067,0.500234,0.499682,0.499755,0.517849,Null
2,wrist,1,0.496479,0.501316,0.746296,0.5003,0.500332,0.499514,0.45697,Null
2,wrist,1,0.50027,0.501114,0.748064,0.49983,0.499939,0.500044,0.508227,Null
2,wrist,1,0.500451,0.499189,0.745875,0.499903,0.499737,0.49985,0.502022,Null
2,wrist,1,0.498509,0.497924,0.745505,0.500147,0.500089,0.500058,0.48767,Null
2,wrist,1,0.498939,0.499324,0.74577,0.500324,0.500365,0.500663,0.490442,Null
2,wrist,1,0.499446,0.501308,0.743269,0.499709,0.500367,0.500115,0.499665,Null
2,wrist,1,0.497826,0.498644,0.745793,0.499394,0.499473,0.500567,0.523847,Null
2,wrist,1,0.497938,0.499275,0.745293,0.499815,0.499831,0.500129,0.515235,Null
2,wrist,1,0.501038,0.500417,0.743841,0.500028,0.50002,0.499948,0.488622,Null
2,wrist,1,0.502534,0.499325,0.746234,0.499964,0.499702,0.499944,0.502065,Null
2,wrist,1,0.502291,0.499813,0.745492,0.49981,0.500028,0.500037,0.511027,Null
2,wrist,1,0.502967,0.500678,0.744554,0.499959,0.499633,0.500123,0.517847,Null
2,wrist,1,0.499956,0.499246,0.745994,0.499897,0.500077,0.500078,0.509589,Null
2,wrist,1,0.500359,0.500343,0.743116,0.500189,0.499836,0.499778,0.533014,Null
2,wrist,1,0.500322,0.499724,0.744979,0.500149,0.499976,0.500175,0.52588,Null
2,wrist,1,0.49978,0.498887,0.745417,0.500401,0.500106,0.500293,0.512629,Null
2,wrist,1,0.498372,0.498458,0.745058,0.50008,0.499981,0.500213,0.468157,Null
2,wrist,1,0.499413,0.497979,0.747213,0.499915,0.499599,0.499863,0.494307,Null
2,wrist,1,0.499083,0.499764,0.745479,0.500287,0.499865,0.500138,0.473395,Null
2,wrist,1,0.499471,0.498601,0.746159,0.499935,0.499627,0.499843,0.486995,Null
2,wrist,1,0.495474,0.498824,0.745772,0.50004,0.500117,0.50028,0.51033,Null
2,wrist,1,0.5003,0.499362,0.746954,0.500225,0.500364,0.49986,0.48077,Null
2,wrist,1,0.500065,0.499943,0.7442,0.500049,0.499998,0.500083,0.504526,Null
2,wrist,1,0.501722,0.497605,0.744337,0.500451,0.499803,0.500051,0.513643,Null
2,wrist,1,0.499882,0.499309,0.747183,0.499915,0.499632,0.499593,0.479316,Null
2,wrist,1,0.50043,0.497384,0.748402,0.500143,0.500606,0.499978,0.490979,Null
2,wrist,1,0.501574,0.498411,0.746638,0.499964,0.499911,0.500388,0.468621,Null
2,wrist,1,0.499119,0.495843,0.745563,0.500335,0.499749,0.499736,0.487861,Null
2,wrist,1,0.501297,0.501503,0.744695,0.499412,0.500375,0.500189,0.511532,Null
2,wrist,1,0.500222,0.500748,0.747197,0.499957,0.500284,0.50017,0.475324,Null
2,wrist,1,0.49901,0.500238,0.744039,0.500086,0.499832,0.500192,0.492194,Null
2,wrist,1,0.499074,0.499513,0.745125,0.50004,0.499914,0.499774,0.489758,Null
2,wrist,1,0.500093,0.50047,0.746282,0.500423,0.500238,0.499989,0.498608,Null
2,wrist,1,0.499989,0.500485,0.744403,0.500351,0.500528,0.500174,0.505003,Null
2,wrist,1,0.498814,0.498484,0.747901,0.499992,0.500291,0.499838,0.491718,Null
2,wrist,1,0.500118,0.500877,0.747502,0.500513,0.500136,0.500169,0.478831,Null
2,wrist,1,0.498007,0.500754,0.74351,0.500103,0.499504,0.50016,0.504522,Null
2,wrist,1,0.499266,0.498165,0.748287,0.499761,0.500026,0.500274,0.492137,Null
2,wrist,1,0.4988,0.49986,0.744364,0.499926,0.499878,0.499569,0.511325,Null
2,wrist,1,0.499792,0.500196,0.746638,0.500072,0.500294,0.49992,0.464418,Null
2,wrist,1,0.499196,0.496532,0.743583,0.499742,0.499691,0.500429,0.484476,Null
2,wrist,1,0.50077,0.500088,0.744675,0.500181,0.499683,0.499984,0.484909,Null
2,wrist,1,0.498937,0.502345,0.744963,0.499883,0.499933,0.499896,0.460336,Null
2,wrist,1,0.498965,0.498219,0.745255,0.500124,0.500081,0.499472,0.486353,Null
2,wrist,1,0.502374,0.499215,0.746155,0.499828,0.499703,0.500257,0.473905,Null
2,wrist,1,0.502585,0.499799,0.74409,0.499967,0.500046,0.499973,0.507981,Null
2,wrist,1,0.497777,0.497555,0.744953,0.500038,0.500009,0.500327,0.478574,Null
2,wrist,1,0.498959,0.500351,0.746137,0.500142,0.500179,0.500343,0.455162,Null
2,wrist,1,0.500633,0.497791,0.744365,0.499959,0.499623,0.500314,0.504514,Null
2,wrist,1,0.500707,0.500092,0.746428,0.499654,0.49951,0.500104,0.519455,Null
2,wrist,1,0.501612,0.499564,0.744427,0.499904,0.49998,0.499464,0.496609,Null
2,wrist,1,0.499776,0.499914,0.744068,0.500287,0.49953,0.500407,0.500459,Null
2,wrist,1,0.499942,0.498114,0.744687,0.499886,0.499927,0.500199,0.501746,Null
2,wrist,1,0.500519,0.49941,0.745805,0.500002,0.500608,0.500116,0.512949,Null
2,wrist,1,0.498392,0.500911,0.745716,0.500043,0.500322,0.499809,0.486758,Null
2,wrist,1,0.500619,0.498394,0.745654,0.49997,0.49994,0.500074,0.486472,Null
2,wrist,1,0.500128,0.50047,0.745322,0.499807,0.499954,0.500039,0.501609,Null
2,wrist,1,0.498238,0.499276,0.746073,0.50002,0.499885,0.500067,0.520281,Null
2,wrist,1,0.498718,0.502754,0.744561,0.500232,0.499787,0.499765,0.49785,Null
2,wrist,1,0.499149,0.500296,0.747181,0.499985,0.499814,0.500151,0.47107,Null
2,wrist,1,0.502025,0.497395,0.744963,0.500165,0.499931,0.500121,0.517854,Null
2,wrist,1,0.50244,0.500099,0.743431,0.499989,0.499867,0.500327,0.49664,Null
2,wrist,1,0.499293,0.499652,0.746105,0.50011,0.500396,0.500184,0.463895,Null
2,wrist,1,0.500752,0.499799,0.746257,0.49957,0.499732,0.5,0.513766,Null
2,wrist,1,0.499161,0.499156,0.744301,0.500046,0.500051,0.500368,0.485288,Null
2,wrist,1,0.499675,0.499625,0.74436,0.499833,0.500458,0.500096,0.490147,Null
2,wrist,1,0.501058,0.50094,0.743717,0.499764,0.500146,0.49989,0.491474,Null
2,wrist,1,0.500595,0.499121,0.744576,0.500289,0.500108,0.499661,0.516207,Null
2,wrist,1,0.499979,0.501951,0.744826,0.500158,0.499587,0.499507,0.521219,Null
2,wrist,1,0.498377,0.499446,0.747112,0.500066,0.500004,0.499571,0.47713,Null
2,wrist,1,0.501389,0.500645,0.745894,0.499607,0.500171,0.499855,0.50355,Null
2,wrist,1,0.500149,0.500854,0.744744,0.500265,0.499636,0.500236,0.481546,Null
2,wrist,1,0.499132,0.500276,0.746112,0.499861,0.50001,0.500068,0.514915,Null
2,wrist,1,0.499938,0.499498,0.746327,0.499786,0.500376,0.499494,0.514649,Null
2,wrist,1,0.49887,0.49807,0.745252,0.499839,0.499795,0.500246,0.495868,Null
2,wrist,1,0.500603,0.500202,0.745005,0.500124,0.500329,0.500247,0.526929,Null
2,wrist,1,0.498977,0.500582,0.744862,0.499983,0.49996,0.500022,0.508242,Null
2,wrist,1,0.501764,0.49914,0.743284,0.499587,0.500412,0.499388,0.479443,Null
2,wrist,1,0.501735,0.500158,0.746546,0.500168,0.50045,0.499788,0.494826,Null
2,wrist,1,0.499636,0.500978,0.745926,0.499687,0.499557,0.499578,0.492018,Null
2,wrist,1,0.500021,0.500713,0.744428,0.500107,0.499751,0.500252,0.488263,Null
2,wrist,1,0.500582,0.500602,0.743607,0.500379,0.49988,0.499925,0.491714,Null
2,wrist,1,0.500043,0.500364,0.742839,0.49982,0.500411,0.500372,0.522788,Null
2,wrist,1,0.499942,0.500504,0.745726,0.499908,0.499883,0.49957,0.487663,Null
2,wrist,1,0.500595,0.500226,0.745905,0.500045,0.500103,0.500264,0.497518,Null
2,wrist,1,0.498745,0.49885,0.746618,0.499664,0.500348,0.499768,0.493036,Null
2,wrist,1,0.499508,0.500412,0.742753,0.499801,0.500076,0.50001,0.511891,Null
2,wrist,1,0.498208,0.500293,0.746212,0.500016,0.499953,0.500408,0.494106,Null
2,wrist,1,0.501282,0.500162,0.747401,0.499721,0.500166,0.50015,0.516355,Null
2,wrist,1,0.500792,0.501409,0.746835,0.499877,0.499997,0.499429,0.505597,Null
2,wrist,1,0.500167,0.50024,0.743038,0.500328,0.500374,0.499524,0.498002,Null
2,wrist,1,0.501298,0.499173,0.747267,0.500167,0.499799,0.500067,0.518502,Null
2,wrist,1,0.497435,0.499251,0.744112,0.500363,0.499872,0.500114,0.490769,Null
2,wrist,1,0.498931,0.497991,0.742172,0.49975,0.499893,0.500051,0.487514,Null
2,wrist,1,0.499589,0.499319,0.744032,0.500004,0.499925,0.500216,0.509444,Null
2,wrist,1,0.499912,0.498371,0.745692,0.50015,0.499851,0.499903,0.510694,Null
2,wrist,1,0.498353,0.498841,0.744319,0.5001,0.500378,0.499754,0.502454,Null
2,wrist,1,0.498733,0.500237,0.746373,0.499862,0.499892,0.499871,0.483387,Null
2,wrist,1,0.499676,0.499662,0.747511,0.50035,0.500055,0.500105,0.52041,Null
2,wrist,1,0.500104,0.500025,0.742921,0.499639,0.499969,0.500155,0.49023,Null
2,wrist,1,0.500357,0.499614,0.744974,0.500229,0.500217,0.499518,0.525097,Null
2,wrist,1,0.50211,0.499863,0.744987,0.500298,0.499842,0.500307,0.5258,Null
2,wrist,1,0.499245,0.500928,0.744874,0.50014,0.500051,0.500187,0.482728,Null
2,wrist,1,0.498904,0.499841,0.747327,0.500082,0.499969,0.500085,0.508478,Null
2,wrist,1,0.498508,0.500747,0.744661,0.499818,0.500079,0.500108,0.470527,Null
2,wrist,1,0.503016,0.501688,0.744012,0.500091,0.500516,0.500338,0.497978,Null
2,wrist,1,0.500957,0.498803,0.7468,0.500123,0.50016,0.500197,0.502314,Null
2,wrist,1,0.498437,0.501086,0.746893,0.500039,0.500347,0.499876,0.458293,Null
2,wrist,1,0.498051,0.500711,0.746114,0.500387,0.499701,0.500561,0.473492,Null
2,wrist,1,0.500377,0.499256,0.744979,0.50027,0.500291,0.500125,0.461725,Null
2,wrist,1,0.499373,0.499562,0.74557,0.499828,0.50012,0.500661,0.508742,Null
2,wrist,1,0.498973,0.500563,0.744699,0.500173,0.500123,0.499849,0.509734,Null
2,wrist,1,0.500423,0.499378,0.743983,0.500253,0.500224,0.499729,0.497674,Null
2,wrist,1,0.499656,0.500958,0.742429,0.500148,0.499803,0.499999,0.48164,Null
2,wrist,1,0.500883,0.499798,0.744412,0.499939,0.499984,0.49983,0.482715,Null
2,wrist,1,0.498225,0.500257,0.746358,0.499763,0.499955,0.499715,0.482096,Null
2,wrist,1,0.499553,0.501623,0.74356,0.4999,0.500284,0.500177,0.472567,Null
2,wrist,1,0.498351,0.497064,0.746679,0.49975,0.499972,0.499828,0.48103,Null
2,wrist,1,0.501731,0.499389,0.744984,0.500214,0.499976,0.500179,0.469647,Null
2,wrist,1,0.500751,0.499725,0.744137,0.500318,0.500256,0.499601,0.498379,Null
2,wrist,1,0.499991,0.49972,0.743322,0.500298,0.499982,0.499612,0.477663,Null
2,wrist,1,0.499568,0.498601,0.747142,0.499734,0.500174,0.500047,0.48102,Null
2,wrist,1,0.499276,0.498218,0.744241,0.499854,0.500223,0.500691,0.45674,Null
2,wrist,1,0.500317,0.500797,0.747601,0.500219,0.500108,0.499967,0.514209,Null
2,wrist,1,0.500337,0.500586,0.746596,0.499759,0.499625,0.499686,0.499231,Null
2,wrist,1,0.499574,0.501286,0.746294,0.499896,0.499753,0.500076,0.47774,Null
2,wrist,1,0.498343,0.498264,0.746731,0.499735,0.500122,0.499807,0.518635,Null
2,wrist,1,0.49916,0.49959,0.74825,0.500207,0.500018,0.500572,0.511568,Null
2,wrist,1,0.499296,0.49949,0.745046,0.49959,0.500224,0.500362,0.502531,Null
2,wrist,1,0.498559,0.502606,0.745216,0.500273,0.499783,0.499984,0.497461,Null
2,wrist,1,0.497677,0.502597,0.742643,0.500027,0.499959,0.500057,0.523693,Null
2,wrist,1,0.500664,0.500716,0.745848,0.500294,0.49978,0.499859,0.489573,Null
2,wrist,1,0.49949,0.499115,0.743361,0.500092,0.499708,0.500058,0.49087,Null
2,wrist,1,0.499765,0.498723,0.741229,0.500249,0.50017,0.499749,0.520148,Null
2,wrist,1,0.50339,0.499125,0.746036,0.500046,0.500205,0.499882,0.4969,Null
2,wrist,1,0.499517,0.498954,0.742658,0.49987,0.500138,0.499787,0.499803,Null
2,wrist,1,0.499032,0.499478,0.745804,0.500043,0.500027,0.499776,0.475649,Null
2,wrist,1,0.49969,0.499099,0.743309,0.50019,0.500135,0.500219,0.533101,Null
2,wrist,1,0.499476,0.500873,0.747586,0.499712,0.499765,0.499729,0.501635,Null
2,wrist,1,0.497948,0.498725,0.744077,0.500234,0.499804,0.50021,0.509281,Null
2,wrist,1,0.502408,0.49971,0.746105,0.500087,0.499825,0.500111,0.485554,Null
2,wrist,1,0.502706,0.497823,0.746475,0.499673,0.50014,0.499918,0.486698,Null
2,wrist,1,0.500647,0.500246,0.745106,0.500237,0.499935,0.500364,0.502677,Null
2,wrist,1,0.500746,0.499744,0.748435,0.500028,0.499755,0.499881,0.507699,Null
2,wrist,1,0.498251,0.499339,0.744875,0.500008,0.499732,0.500288,0.520021,Null
2,wrist,1,0.498265,0.500488,0.746079,0.500463,0.499961,0.500031,0.493388,Null
2,wrist,1,0.50148,0.498994,0.748282,0.500174,0.499788,0.500002,0.509238,Null
2,wrist,1,0.499342,0.500533,0.743942,0.500444,0.49981,0.499571,0.50535,Null
2,wrist,1,0.498206,0.500252,0.742349,0.500424,0.499864,0.49994,0.512687,Null
2,wrist,1,0.500119,0.499802,0.745489,0.500203,0.500053,0.500466,0.502731,Null
2,wrist,1,0.498298,0.498116,0.746152,0.499853,0.499827,0.50001,0.487653,Null
2,wrist,1,0.498951,0.501417,0.745811,0.499874,0.499769,0.49954,0.535526,Null
2,wrist,1,0.498946,0.50137,0.746072,0.500063,0.499988,0.499418,0.453315,Null
2,wrist,1,0.499362,0.500464,0.745703,0.499987,0.49995,0.500533,0.515307,Null
2,wrist,1,0.499211,0.502356,0.743932,0.500171,0.499624,0.500348,0.473664,Null
2,wrist,1,0.498827,0.500759,0.746833,0.499699,0.500072,0.499906,0.507341,Null
2,wrist,1,0.500502,0.500973,0.745404,0.499776,0.500403,0.500195,0.522264,Null
2,wrist,1,0.499708,0.500155,0.74441,0.500018,0.500352,0.49985,0.485742,Null
2,wrist,1,0.497066,0.500802,0.746358,0.499836,0.500249,0.49961,0.485249,Null
2,wrist,1,0.501657,0.499653,0.744998,0.499722,0.499957,0.499894,0.505398,Null
2,wrist,1,0.500098,0.499348,0.74472,0.500044,0.500087,0.500388,0.519392,Null
2,wrist,1,0.500103,0.50118,0.744011,0.500165,0.500144,0.499975,0.523519,Null
2,wrist,1,0.502594,0.499218,0.745288,0.499829,0.500381,0.500021,0.538494,Null
2,wrist,1,0.500705,0.500313,0.744489,0.50002,0.500064,0.50013,0.511693,Null
2,wrist,1,0.500362,0.497497,0.745357,0.500208,0.499788,0.500025,0.491733,Null
2,wrist,1,0.500106,0.498339,0.746818,0.499719,0.500178,0.500094,0.534651,Null
2,wrist,1,0.499323,0.498102,0.746267,0.499951,0.499867,0.500446,0.511484,Null
2,leg,1,0.501919,0.500954,0.744026,0.500207,0.500028,0.499835,0.486028,Null
2,leg,1,0.501462,0.499558,0.743869,0.499498,0.499998,0.499876,0.535985,Null
2,leg,1,0.49941,0.497427,0.748467,0.500102,0.500278,0.500324,0.496317,Null
2,leg,1,0.498646,0.499589,0.7439,0.500028,0.499198,0.500146,0.538328,Null
2,leg,1,0.499331,0.500705,0.745888,0.500091,0.4998,0.500056,0.47804,Null
2,leg,1,0.501763,0.499733,0.744952,0.500011,0.499865,0.499891,0.507149,Null
2,leg,1,0.498645,0.501154,0.746013,0.499949,0.499821,0.499558,0.497337,Null
2,leg,1,0.498225,0.500216,0.746906,0.499345,0.500331,0.499892,0.502014,Null
2,leg,1,0.499632,0.500565,0.744318,0.499563,0.500193,0.500198,0.495723,Null
2,leg,1,0.500156,0.499586,0.745647,0.500175,0.499946,0.500016,0.478986,Null
2,leg,1,0.498969,0.499564,0.747128,0.499909,0.49995,0.500079,0.514336,Null
2,leg,1,0.502615,0.497688,0.746872,0.499997,0.500018,0.500141,0.48048,Null
2,leg,1,0.4977,0.500294,0.746048,0.500114,0.50032,0.500369,0.466583,Null
2,leg,1,0.500135,0.49687,0.746693,0.499555,0.500179,0.499887,0.555836,Null
2,leg,1,0.499936,0.499444,0.745845,0.500159,0.499637,0.499543,0.522427,Null
2,leg,1,0.497969,0.498663,0.748151,0.499978,0.499869,0.499979,0.486482,Null
2,leg,1,0.500915,0.499294,0.74602,0.500294,0.499933,0.499727,0.515077,Null
2,leg,1,0.499873,0.499132,0.747591,0.499982,0.500095,0.49973,0.457386,Null
2,leg,1,0.498409,0.498835,0.746078,0.500332,0.499915,0.500599,0.503008,Null
2,leg,1,0.498088,0.499632,0.743831,0.500009,0.49944,0.499707,0.508798,Null
2,leg,1,0.499979,0.499152,0.746158,0.500175,0.500332,0.499926,0.487891,Null
2,leg,1,0.500394,0.498956,0.745509,0.499996,0.49978,0.499317,0.531277,Null
2,leg,1,0.499268,0.500982,0.74447,0.500182,0.499778,0.499921,0.507546,Null
2,leg,1,0.499868,0.502588,0.745537,0.499748,0.500241,0.500433,0.509515,Null
2,leg,1,0.500309,0.496182,0.745285,0.50016,0.499867,0.499717,0.516106,Null
2,leg,1,0.500736,0.499331,0.743806,0.499769,0.49991,0.499804,0.509915,Null
2,leg,1,0.499523,0.501663,0.744793,0.500367,0.500043,0.500375,0.514088,Null
2,leg,1,0.499905,0.498518,0.747628,0.500481,0.500081,0.500253,0.512233,Null
2,leg,1,0.498944,0.497694,0.746778,0.499865,0.499947,0.499373,0.486444,Null
2,leg,1,0.500679,0.497806,0.744166,0.499979,0.49992,0.500174,0.514426,Null
2,leg,1,0.498976,0.50206,0.743771,0.499847,0.500263,0.499743,0.50062,Null
2,leg,1,0.499081,0.501283,0.745862,0.499892,0.499927,0.500594,0.51843,Null
2,leg,1,0.499291,0.499623,0.743663,0.500209,0.499881,0.499804,0.513557,Null
2,leg,1,0.498131,0.498346,0.74571,0.500047,0.499995,0.500091,0.479883,Null
2,leg,1,0.499305,0.501209,0.746507,0.50002,0.499872,0.499613,0.479752,Null
2,leg,1,0.497775,0.499989,0.744039,0.500121,0.499895,0.499723,0.522871,Null
2,leg,1,0.500315,0.499676,0.743281,0.499809,0.499873,0.499986,0.475371,Null
2,leg,1,0.50128,0.500282,0.743974,0.499521,0.499972,0.499911,0.514331,Null
2,leg,1,0.50143,0.501967,0.745147,0.499836,0.500061,0.49998,0.50819,Null
2,leg,1,0.499364,0.500005,0.745963,0.499699,0.499592,0.500218,0.474859,Null
2,leg,1,0.501238,0.498167,0.746464,0.500156,0.500107,0.500101,0.469027,Null
2,leg,1,0.501531,0.502672,0.746853,0.499665,0.500308,0.500278,0.527923,Null
2,leg,1,0.497762,0.499555,0.747662,0.500154,0.50024,0.499865,0.510353,Null
2,leg,1,0.499167,0.498415,0.744489,0.499947,0.500055,0.500377,0.514054,Null
2,leg,1,0.500332,0.499364,0.744218,0.499619,0.500211,0.499981,0.502929,Null
2,leg,1,0.499412,0.500459,0.74466,0.499851,0.499559,0.500295,0.503063,Null
2,leg,1,0.499503,0.500024,0.747646,0.499901,0.499876,0.500349,0.486964,Null
2,leg,1,0.499898,0.499615,0.745759,0.499857,0.499991,0.499885,0.519588,Null
2,leg,1,0.500161,0.499954,0.743823,0.499543,0.500481,0.49985,0.505096,Null
2,leg,1,0.500857,0.499602,0.746357,0.499866,0.499883,0.500047,0.511154,Null
2,leg,1,0.499132,0.500993,0.745012,0.500436,0.500152,0.500009,0.48481,Null
2,leg,1,0.499395,0.499877,0.743089,0.500789,0.50007,0.499971,0.510023,Null
2,leg,1,0.501219,0.49933,0.744797,0.499624,0.500011,0.499984,0.529416,Null
2,leg,1,0.499283,0.501834,0.746699,0.499873,0.50009,0.500476,0.514924,Null
2,leg,1,0.500332,0.499434,0.745669,0.49936,0.499926,0.499915,0.510188,Null
2,leg,1,0.500505,0.500895,0.744688,0.500111,0.500075,0.499644,0.508827,Null
2,leg,1,0.500663,0.49888,0.74584,0.500427,0.499822,0.500337,0.549223,Null
2,leg,1,0.500711,0.501877,0.747708,0.499777,0.499702,0.499692,0.49995,Null
2,leg,1,0.501211,0.500106,0.745924,0.499688,0.500016,0.499988,0.523481,Null
2,leg,1,0.502077,0.50005,0.744234,0.499981,0.500205,0.500345,0.480907,Null
2,leg,1,0.499314,0.500228,0.743528,0.500014,0.499663,0.499517,0.507651,Null
2,leg,1,0.500071,0.50053,0.745122,0.500184,0.500117,0.499989,0.499263,Null
2,leg,1,0.501494,0.500489,0.745804,0.500139,0.500242,0.500074,0.512768,Null
2,leg,1,0.498051,0.500248,0.744428,0.499405,0.500134,0.499781,0.504613,Null
2,leg,1,0.498177,0.498593,0.74702,0.50033,0.500363,0.500102,0.487783,Null
2,leg,1,0.498058,0.500378,0.745616,0.500344,0.499848,0.500142,0.489286,Null
2,leg,1,0.49783,0.498715,0.743648,0.499956,0.500171,0.500052,0.528469,Null
2,leg,1,0.499874,0.498879,0.746189,0.500128,0.500072,0.500228,0.48701,Null
2,leg,1,0.500096,0.503345,0.745659,0.499738,0.500034,0.500399,0.487972,Null
2,leg,1,0.500954,0.498611,0.746423,0.50066,0.500134,0.500105,0.481201,Null
2,leg,1,0.499602,0.500676,0.74412,0.500035,0.499986,0.499944,0.524117,Null
2,leg,1,0.497306,0.498618,0.743679,0.499725,0.500222,0.499839,0.524838,Null
2,leg,1,0.499898,0.50117,0.742781,0.499516,0.500247,0.499918,0.481367,Null
2,leg,1,0.498794,0.500025,0.744912,0.500335,0.499648,0.500587,0.497553,Null
2,leg,1,0.499785,0.501818,0.745195,0.49994,0.500246,0.50026,0.479169,Null
2,leg,1,0.500767,0.499761,0.747032,0.500148,0.499958,0.5004,0.511619,Null
2,leg,1,0.500469,0.500139,0.7445,0.500333,0.500181,0.499723,0.514202,Null
2,leg,1,0.499464,0.499244,0.745505,0.500275,0.500047,0.500305,0.517732,Null
2,leg,1,0.501543,0.498399,0.747817,0.500125,0.499992,0.500051,0.507882,Null
2,leg,1,0.50125,0.499072,0.745967,0.500152,0.499839,0.500116,0.4732,Null
2,leg,1,0.4982,0.500913,0.742704,0.499939,0.500013,0.500529,0.493118,Null
2,leg,1,0.500347,0.501514,0.745754,0.500216,0.499559,0.499891,0.504778,Null
2,leg,1,0.496725,0.502624,0.745174,0.500096,0.499731,0.500034,0.506713,Null
2,leg,1,0.501827,0.498838,0.743325,0.500181,0.499751,0.500258,0.505418,Null
2,leg,1,0.501699,0.498538,0.745106,0.499763,0.499653,0.499912,0.528019,Null
2,leg,1,0.502816,0.499435,0.745898,0.500021,0.499562,0.500239,0.489714,Null
2,leg,1,0.499216,0.499841,0.746024,0.499654,0.500086,0.500321,0.519611,Null
2,leg,1,0.498652,0.499948,0.744986,0.500116,0.500088,0.50025,0.514697,Null
2,leg,1,0.499676,0.501274,0.745124,0.500635,0.500159,0.499744,0.501007,Null
2,leg,1,0.498875,0.499383,0.746474,0.500319,0.500277,0.500381,0.477122,Null
2,leg,1,0.501206,0.499982,0.744425,0.500037,0.499823,0.500116,0.504452,Null
2,leg,1,0.500261,0.500825,0.743926,0.499853,0.499857,0.499967,0.490149,Null
2,leg,1,0.500525,0.500566,0.745176,0.500038,0.500088,0.499838,0.548282,Null
2,leg,1,0.500599,0.502854,0.744731,0.500166,0.499625,0.500199,0.517435,Null
2,leg,1,0.499252,0.499686,0.744882,0.499848,0.499614,0.500176,0.499504,Null
2,leg,1,0.50004,0.501746,0.743897,0.499916,0.499636,0.499866,0.492574,Null
2,leg,1,0.49817,0.501818,0.747546,0.499939,0.500644,0.500201,0.478384,Null
2,leg,1,0.501545,0.497834,0.745032,0.499712,0.500209,0.499605,0.498639,Null
2,leg,1,0.499108,0.499862,0.742719,0.500651,0.499916,0.500028,0.475375,Null
2,leg,1,0.500437,0.50041,0.74398,0.499999,0.50021,0.500117,0.508079,Null
2,leg,1,0.498851,0.497756,0.746185,0.500318,0.499988,0.500139,0.482744,Null
2,leg,1,0.498498,0.500383,0.74546,0.500193,0.499957,0.500003,0.486343,Null
2,leg,1,0.500957,0.499759,0.745452,0.499895,0.50001,0.500066,0.488943,Null
2,leg,1,0.50085,0.501106,0.743715,0.500276,0.499857,0.499841,0.519955,Null
2,leg,1,0.499272,0.501644,0.746015,0.500017,0.49986,0.500093,0.518839,Null
2,leg,1,0.500181,0.501112,0.744787,0.499504,0.499983,0.500201,0.505262,Null
2,leg,1,0.502928,0.499694,0.744642,0.500177,0.500013,0.500052,0.48937,Null
2,leg,1,0.499698,0.499372,0.745657,0.499726,0.500181,0.500151,0.53419,Null
2,leg,1,0.49908,0.499478,0.746191,0.499759,0.499627,0.500353,0.482314,Null
2,leg,1,0.497524,0.499927,0.745757,0.499851,0.499738,0.500435,0.514621,Null
2,leg,1,0.498949,0.500064,0.743108,0.500022,0.50036,0.499896,0.492519,Null
2,leg,1,0.502584,0.498735,0.745412,0.500058,0.499873,0.500101,0.486636,Null
2,leg,1,0.499496,0.498868,0.744514,0.500286,0.500429,0.500363,0.466171,Null
2,leg,1,0.499386,0.500171,0.743259,0.500156,0.499991,0.49981,0.466747,Null
2,leg,1,0.500658,0.500545,0.744176,0.500022,0.500271,0.500035,0.509667,Null
2,leg,1,0.499801,0.500277,0.744704,0.500091,0.500184,0.500627,0.50565,Null
2,leg,1,0.498923,0.502544,0.748024,0.500146,0.49978,0.500037,0.500732,Null
2,leg,1,0.49836,0.50072,0.744989,0.500313,0.500041,0.499717,0.507757,Null
2,leg,1,0.501978,0.499904,0.746109,0.499972,0.50005,0.500221,0.514202,Null
2,leg,1,0.501,0.499746,0.746883,0.500109,0.500178,0.500336,0.502972,Null
2,leg,1,0.501045,0.500371,0.747928,0.500265,0.500212,0.500399,0.492377,Null
2,leg,1,0.498285,0.50137,0.745987,0.500241,0.499897,0.499785,0.526389,Null
2,leg,1,0.50109,0.498885,0.744919,0.500183,0.499993,0.499883,0.499931,Null
2,leg,1,0.502162,0.498983,0.745455,0.50035,0.5003,0.500403,0.495743,Null
2,leg,1,0.498716,0.500434,0.744669,0.50031,0.500247,0.499816,0.506331,Null
2,leg,1,0.498203,0.50117,0.746757,0.499661,0.500171,0.500194,0.476181,Null
2,leg,1,0.501075,0.499791,0.74834,0.500484,0.499792,0.499809,0.541313,Null
2,leg,1,0.50098,0.50031,0.745345,0.499925,0.500021,0.499689,0.523185,Null
2,leg,1,0.499315,0.499419,0.745438,0.49991,0.500148,0.49976,0.493496,Null
2,leg,1,0.499437,0.500133,0.74306,0.50005,0.499668,0.499948,0.475287,Null
2,leg,1,0.499754,0.501841,0.744621,0.500071,0.499989,0.500221,0.504327,Null
2,leg,1,0.500197,0.49887,0.745688,0.499754,0.499763,0.500291,0.503907,Null
2,leg,1,0.500213,0.498819,0.744567,0.499605,0.499758,0.500067,0.523183,Null
2,leg,1,0.49968,0.501119,0.74378,0.500383,0.499886,0.499738,0.515119,Null
2,leg,1,0.499891,0.499946,0.744641,0.499657,0.499992,0.500145,0.545531,Null
2,leg,1,0.503079,0.498402,0.745218,0.500025,0.500228,0.499592,0.493079,Null
2,leg,1,0.500739,0.499599,0.745119,0.500315,0.499882,0.500063,0.473266,Null
2,leg,1,0.499584,0.499337,0.745839,0.500133,0.499504,0.499894,0.531611,Null
2,leg,1,0.499309,0.500097,0.744777,0.499787,0.500103,0.499965,0.473346,Null
2,leg,1,0.49993,0.500604,0.746833,0.500192,0.500123,0.500159,0.487523,Null
2,leg,1,0.502371,0.499189,0.742862,0.500204,0.499859,0.499901,0.477833,Null
2,leg,1,0.501207,0.500877,0.744364,0.499681,0.499867,0.500035,0.481761,Null
2,leg,1,0.49754,0.499644,0.745288,0.500494,0.500241,0.499714,0.489779,Null
2,leg,1,0.498848,0.501981,0.744665,0.499986,0.500431,0.4997,0.491342,Null
2,leg,1,0.498763,0.500314,0.743376,0.49993,0.500263,0.500388,0.52442,Null
2,leg,1,0.499127,0.498896,0.746133,0.499641,0.500116,0.49995,0.507905,Null
2,leg,1,0.500223,0.501257,0.744183,0.499633,0.499901,0.499978,0.488746,Null
2,leg,1,0.501182,0.500618,0.746034,0.500011,0.500093,0.500115,0.493359,Null
2,leg,1,0.499864,0.500907,0.745452,0.500002,0.500332,0.49971,0.515814,Null
2,leg,1,0.49757,0.499117,0.743206,0.499851,0.499722,0.500008,0.509433,Null
2,leg,1,0.501728,0.50233,0.746838,0.500621,0.500226,0.500297,0.489616,Null
2,leg,1,0.499296,0.498958,0.743578,0.49979,0.500065,0.50034,0.506294,Null
2,leg,1,0.500051,0.497518,0.744499,0.499627,0.500119,0.500048,0.486072,Null
2,leg,1,0.500019,0.498513,0.744418,0.500105,0.49995,0.499934,0.490151,Null
2,leg,1,0.500893,0.500972,0.74453,0.500202,0.4999,0.500264,0.482555,Null
2,leg,1,0.499778,0.50074,0.74542,0.500066,0.499854,0.500167,0.519734,Null
2,leg,1,0.49855,0.501573,0.745089,0.499954,0.49954,0.499995,0.528577,Null
2,leg,1,0.502043,0.49997,0.745797,0.500065,0.499802,0.499555,0.478903,Null
2,leg,1,0.499711,0.501696,0.745342,0.50038,0.499858,0.500016,0.502929,Null
2,leg,1,0.497827,0.500965,0.743462,0.500066,0.50026,0.500328,0.503093,Null
2,leg,1,0.500109,0.500339,0.745541,0.500367,0.500439,0.49986,0.498201,Null
2,leg,1,0.500653,0.497547,0.745103,0.499961,0.5,0.49991,0.488405,Null
2,leg,1,0.499809,0.50048,0.743713,0.500056,0.500116,0.500207,0.499488,Null
2,leg,1,0.500171,0.500515,0.747023,0.500163,0.499887,0.500025,0.485164,Null
2,leg,1,0.49822,0.501453,0.746334,0.500217,0.499977,0.50009,0.453191,Null
2,leg,1,0.500356,0.500132,0.743472,0.500158,0.500093,0.49968,0.470276,Null
2,leg,1,0.49933,0.496897,0.744649,0.499657,0.50002,0.50059,0.463626,Null
2,leg,1,0.499733,0.499703,0.743088,0.499771,0.499799,0.500299,0.523826,Null
2,leg,1,0.498873,0.500345,0.747131,0.50004,0.499974,0.500082,0.49598,Null
2,leg,1,0.500827,0.500264,0.746774,0.500006,0.499879,0.499819,0.519803,Null
2,leg,1,0.499117,0.500953,0.743881,0.500131,0.499985,0.499648,0.511282,Null
2,leg,1,0.50165,0.500111,0.743963,0.500224,0.500332,0.499963,0.50773,Null
2,leg,1,0.500258,0.500923,0.746829,0.500035,0.499761,0.500305,0.491583,Null
2,leg,1,0.500702,0.501301,0.745227,0.500515,0.500586,0.500182,0.498546,Null
2,leg,1,0.499849,0.498278,0.744973,0.499727,0.499925,0.500091,0.510268,Null
2,leg,1,0.501321,0.499853,0.744267,0.500194,0.499553,0.499696,0.495997,Null
2,leg,1,0.501593,0.499356,0.745669,0.499984,0.499928,0.500337,0.497428,Null
2,leg,1,0.499207,0.499797,0.744123,0.499764,0.500088,0.500001,0.495693,Null
2,leg,1,0.500485,0.497369,0.747191,0.500141,0.499379,0.500185,0.475736,Null
2,leg,1,0.500209,0.500578,0.746281,0.499751,0.499777,0.499951,0.52612,Null
2,leg,1,0.499819,0.501405,0.744432,0.500496,0.500616,0.500055,0.489035,Null
2,leg,1,0.501923,0.499726,0.744522,0.499873,0.500301,0.499982,0.517979,Null
2,leg,1,0.499684,0.501291,0.74619,0.499592,0.499847,0.500509,0.478537,Null
2,leg,1,0.501394,0.499445,0.74456,0.499991,0.500289,0.499761,0.523132,Null
2,leg,1,0.497049,0.497384,0.745571,0.499579,0.499824,0.500297,0.507798,Null
2,leg,1,0.500507,0.500027,0.745186,0.499637,0.500298,0.500123,0.512161,Null
2,leg,1,0.500704,0.501771,0.745934,0.499908,0.499957,0.499718,0.486158,Null
2,leg,1,0.499396,0.498024,0.746291,0.50006,0.500058,0.499742,0.504722,Null
2,leg,1,0.500211,0.500165,0.745461,0.500286,0.499654,0.499832,0.498697,Null
2,leg,1,0.498919,0.500091,0.744295,0.499869,0.500004,0.500066,0.529567,Null
2,leg,1,0.500451,0.50018,0.746085,0.49993,0.500337,0.500205,0.488662,Null
2,leg,1,0.500799,0.499683,0.74591,0.500098,0.500372,0.499672,0.490944,Null
2,leg,1,0.501099,0.499656,0.743727,0.500079,0.499902,0.499787,0.472204,Null
2,leg,1,0.500972,0.500028,0.744963,0.500251,0.499731,0.499901,0.512139,Null
2,leg,1,0.497917,0.501758,0.74698,0.499644,0.500108,0.50053,0.508129,Null
2,leg,1,0.500605,0.500793,0.744465,0.500188,0.500159,0.500163,0.505964,Null
2,leg,1,0.501074,0.501347,0.745297,0.499801,0.500352,0.499968,0.471348,Null
2,leg,1,0.499526,0.499543,0.745145,0.500405,0.499781,0.50001,0.508272,Null
2,leg,1,0.500076,0.499239,0.744145,0.499516,0.500563,0.499725,0.512314,Null
2,leg,1,0.500307,0.502263,0.745462,0.500215,0.500533,0.500173,0.52265,Null
2,leg,1,0.500236,0.500625,0.745168,0.499879,0.549633,0.500022,0.516519,ArmCurl
2,leg,1,0.522232,0.500684,0.743865,0.500003,0.547219,0.50013,0.513041,ArmCurl
2,leg,1,0.543888,0.500826,0.746659,0.50022,0.540234,0.499928,0.527605,ArmCurl
2,leg,1,0.561494,0.497682,0.744721,0.500131,0.529439,0.49994,0.484983,ArmCurl
2,leg,1,0.572164,0.500086,0.747478,0.499825,0.515752,0.499546,0.489491,ArmCurl
2,leg,1,0.573796,0.49974,0.744523,0.500293,0.499667,0.499788,0.479794,ArmCurl
2,leg,1,0.572637,0.501483,0.741742,0.500001,0.485068,0.500063,0.497011,ArmCurl
2,leg,1,0.558898,0.500806,0.747472,0.500256,0.469792,0.500237,0.491509,ArmCurl
2,leg,1,0.542584,0.497307,0.74622,0.500178,0.459613,0.499963,0.471674,ArmCurl
2,leg,1,0.523481,0.498353,0.745063,0.500354,0.451702,0.49944,0.528208,ArmCurl
2,leg,1,0.501917,0.500943,0.743284,0.499971,0.449856,0.49998,0.494922,ArmCurl
2,leg,1,0.474624,0.499891,0.744418,0.500298,0.452309,0.499461,0.487065,ArmCurl
2,leg,1,0.455424,0.500033,0.74532,0.500011,0.459518,0.500359,0.472204,ArmCurl
2,leg,1,0.439347,0.498771,0.745258,0.499633,0.470565,0.50011,0.525723,ArmCurl
2,leg,1,0.427063,0.500572,0.745588,0.499864,0.484491,0.499992,0.498261,ArmCurl
2,leg,1,0.426516,0.501332,0.744623,0.500409,0.500338,0.500056,0.523149,ArmCurl
2,leg,1,0.430759,0.499719,0.747102,0.500105,0.515553,0.499803,0.491783,ArmCurl
2,leg,1,0.439822,0.49938,0.746334,0.499526,0.529585,0.500028,0.482502,ArmCurl
2,leg,1,0.456863,0.500946,0.746138,0.499825,0.540277,0.499601,0.490033,ArmCurl
2,leg,1,0.477844,0.500722,0.745272,0.499726,0.547267,0.49962,0.511656,ArmCurl
2,leg,1,0.498255,0.501134,0.746441,0.500121,0.550384,0.500097,0.470917,ArmCurl
2,leg,1,0.521376,0.499414,0.745244,0.500102,0.547509,0.500241,0.535557,ArmCurl
2,leg,1,0.544639,0.498408,0.74382,0.499939,0.540317,0.500086,0.537257,ArmCurl
2,leg,1,0.562151,0.498364,0.743422,0.499977,0.529571,0.500083,0.4798,ArmCurl
2,leg,1,0.570841,0.499605,0.747085,0.499824,0.515788,0.500075,0.509213,ArmCurl
2,leg,1,0.575284,0.501185,0.746793,0.499957,0.500371,0.499803,0.502145,ArmCurl
2,leg,1,0.570923,0.499203,0.746645,0.500002,0.484493,0.499889,0.502017,ArmCurl
2,leg,1,0.561568,0.498596,0.745496,0.500308,0.470799,0.500298,0.543246,ArmCurl
2,leg,1,0.543767,0.498719,0.745864,0.500104,0.460028,0.499767,0.514644,ArmCurl
2,leg,1,0.524873,0.502679,0.744424,0.500094,0.452652,0.499667,0.511156,ArmCurl
2,leg,1,0.501246,0.501141,0.743428,0.500135,0.450145,0.500812,0.460974,ArmCurl
2,leg,1,0.47808,0.500009,0.746556,0.500142,0.452024,0.499976,0.505778,ArmCurl
2,leg,1,0.456714,0.499453,0.746199,0.500025,0.459452,0.499991,0.477653,ArmCurl
2,leg,1,0.438855,0.50048,0.74581,0.499985,0.470471,0.499707,0.506064,ArmCurl
2,leg,1,0.426341,0.497705,0.746259,0.499683,0.484809,0.500048,0.486003,ArmCurl
2,leg,1,0.426178,0.500176,0.74415,0.499624,0.49993,0.500143,0.52342,ArmCurl
2,leg,1,0.428542,0.496828,0.74523,0.500218,0.514649,0.499754,0.471732,ArmCurl
2,leg,1,0.438814,0.499745,0.744889,0.500092,0.529157,0.49972,0.484805,ArmCurl
2,leg,1,0.455563,0.49734,0.74288,0.500577,0.540608,0.499868,0.494924,ArmCurl
2,leg,1,0.479217,0.501635,0.74441,0.500266,0.547732,0.500253,0.488246,ArmCurl
2,leg,1,0.497413,0.500977,0.746202,0.500011,0.549982,0.50012,0.523071,ArmCurl
2,leg,1,0.52546,0.501773,0.746251,0.500112,0.547702,0.500556,0.520638,ArmCurl
2,leg,1,0.544312,0.498624,0.743713,0.500098,0.540638,0.499869,0.520204,ArmCurl
2,leg,1,0.55901,0.500565,0.745293,0.500327,0.529342,0.50041,0.469995,ArmCurl
2,leg,1,0.571951,0.500574,0.745491,0.500059,0.51599,0.50016,0.516379,ArmCurl
2,leg,1,0.576162,0.500251,0.746474,0.499889,0.499952,0.500572,0.46484,ArmCurl
2,leg,1,0.571054,0.499626,0.746224,0.500117,0.484,0.499735,0.501368,ArmCurl
2,leg,1,0.561332,0.499079,0.746984,0.49984,0.470671,0.499881,0.460522,ArmCurl
2,leg,1,0.544236,0.498562,0.74802,0.499806,0.459547,0.499681,0.503678,ArmCurl
2,leg,1,0.524747,0.499164,0.743101,0.500085,0.452415,0.500043,0.504487,ArmCurl
2,leg,1,0.5017,0.49887,0.745259,0.49984,0.450207,0.499795,0.503815,ArmCurl
2,leg,1,0.476219,0.49942,0.745004,0.499771,0.452123,0.499779,0.491582,ArmCurl
2,leg,1,0.457681,0.498986,0.743749,0.499717,0.459554,0.499981,0.518157,ArmCurl
2,leg,1,0.439074,0.50091,0.745329,0.499939,0.470109,0.500052,0.51029,ArmCurl
2,leg,1,0.428921,0.500827,0.746044,0.499753,0.484214,0.5001,0.497926,ArmCurl
2,leg,1,0.424044,0.499105,0.745183,0.499816,0.500166,0.499924,0.494306,ArmCurl
2,leg,1,0.428299,0.499651,0.744891,0.500043,0.515689,0.500172,0.52443,ArmCurl
2,leg,1,0.439323,0.500536,0.746572,0.499907,0.529056,0.499632,0.467472,ArmCurl
2,leg,1,0.456891,0.498371,0.745687,0.500286,0.540191,0.500217,0.528308,ArmCurl
2,leg,1,0.477799,0.501527,0.742957,0.500052,0.547434,0.499795,0.495168,ArmCurl
2,leg,1,0.498828,0.501239,0.743524,0.499654,0.549771,0.500447,0.50506,ArmCurl
2,leg,1,0.522287,0.499279,0.745318,0.500288,0.547468,0.50004,0.496601,ArmCurl
2,leg,1,0.543877,0.500972,0.744312,0.499453,0.540392,0.500168,0.522837,ArmCurl
2,leg,1,0.560948,0.496937,0.744895,0.499931,0.529469,0.499692,0.527608,ArmCurl
2,leg,1,0.572956,0.502627,0.7466,0.499808,0.515185,0.500397,0.486526,ArmCurl
2,leg,1,0.576469,0.501132,0.747492,0.500337,0.500105,0.499769,0.535249,ArmCurl
2,leg,1,0.572259,0.50025,0.743653,0.500303,0.484579,0.500342,0.494655,ArmCurl
2,leg,1,0.558481,0.503047,0.746155,0.499895,0.470682,0.500253,0.525652,ArmCurl
2,leg,1,0.54342,0.498236,0.744845,0.500081,0.459835,0.499945,0.504072,ArmCurl
2,leg,1,0.523818,0.501159,0.745085,0.500554,0.452365,0.500735,0.529443,ArmCurl
2,leg,1,0.50103,0.498523,0.745957,0.500165,0.449984,0.499841,0.497464,ArmCurl
2,leg,1,0.478452,0.497952,0.745777,0.500066,0.451998,0.49986,0.538982,ArmCurl
2,leg,1,0.455983,0.501042,0.743825,0.499541,0.459735,0.500478,0.474691,ArmCurl
2,leg,1,0.439881,0.502092,0.74254,0.500417,0.470478,0.50037,0.489698,ArmCurl
2,leg,1,0.430004,0.498455,0.745128,0.500109,0.483915,0.500329,0.498818,ArmCurl
2,leg,1,0.423494,0.499445,0.74326,0.500271,0.499877,0.499963,0.512221,ArmCurl
2,leg,1,0.426654,0.500527,0.744047,0.500076,0.515735,0.500016,0.535571,ArmCurl
2,leg,1,0.437635,0.501027,0.745231,0.500028,0.52934,0.500371,0.48238,ArmCurl
2,leg,1,0.455688,0.497785,0.745785,0.499516,0.540666,0.500094,0.546412,ArmCurl
2,leg,1,0.47557,0.499736,0.743804,0.500284,0.547492,0.500024,0.491036,ArmCurl
2,leg,1,0.500319,0.499136,0.745702,0.500012,0.549903,0.499478,0.480412,ArmCurl
2,leg,1,0.521663,0.499901,0.74664,0.499934,0.547454,0.500411,0.5227,ArmCurl
2,leg,1,0.544802,0.500924,0.745256,0.500227,0.540375,0.50013,0.526194,ArmCurl
2,leg,1,0.561193,0.498629,0.747333,0.499851,0.529204,0.500276,0.524544,ArmCurl
2,leg,1,0.571209,0.500555,0.746372,0.499907,0.515973,0.500117,0.501092,ArmCurl
2,leg,1,0.574243,0.498649,0.748506,0.499385,0.500069,0.500041,0.52484,ArmCurl
2,leg,1,0.571764,0.501576,0.745435,0.500145,0.484975,0.500021,0.502361,ArmCurl
2,leg,1,0.558806,0.500292,0.7442,0.499743,0.470773,0.500153,0.511766,ArmCurl
2,leg,1,0.547275,0.501706,0.746834,0.50009,0.459585,0.500059,0.513684,ArmCurl
2,leg,1,0.524007,0.500459,0.745962,0.499782,0.452333,0.49994,0.511767,ArmCurl
2,leg,1,0.497973,0.499062,0.744438,0.499736,0.450174,0.500195,0.460035,ArmCurl
2,leg,1,0.475223,0.502677,0.74338,0.499935,0.45283,0.499987,0.52609,ArmCurl
2,leg,1,0.455854,0.501344,0.74559,0.499427,0.459381,0.500662,0.495039,ArmCurl
2,leg,1,0.439676,0.499864,0.745911,0.500143,0.470631,0.500322,0.514788,ArmCurl
2,leg,1,0.426787,0.500521,0.745451,0.500332,0.48489,0.500154,0.514803,ArmCurl
2,leg,1,0.424722,0.500217,0.746923,0.499579,0.499971,0.499968,0.521276,ArmCurl
2,leg,1,0.427905,0.497834,0.744591,0.499516,0.515328,0.499925,0.478683,ArmCurl
2,leg,1,0.438017,0.499263,0.746187,0.500108,0.529233,0.500244,0.510032,ArmCurl
2,leg,1,0.455959,0.501403,0.746538,0.499731,0.54062,0.500135,0.497195,ArmCurl
2,leg,1,0.47608,0.498598,0.745621,0.499747,0.54737,0.500251,0.47511,ArmCurl
2,leg,1,0.499511,0.500348,0.74763,0.500199,0.550053,0.499831,0.500881,ArmCurl
2,leg,1,0.523826,0.499516,0.743395,0.500029,0.547224,0.500035,0.462763,ArmCurl
2,leg,1,0.542225,0.498678,0.743168,0.499732,0.540408,0.500262,0.458134,ArmCurl
2,leg,1,0.562114,0.500831,0.745989,0.500084,0.529374,0.500436,0.526831,ArmCurl
2,leg,1,0.572559,0.498895,0.745994,0.500221,0.515581,0.499754,0.478782,ArmCurl
2,leg,1,0.575698,0.499857,0.745152,0.500069,0.499653,0.499777,0.484078,ArmCurl
2,leg,1,0.570974,0.50311,0.743227,0.500317,0.484271,0.499318,0.493221,ArmCurl
2,leg,1,0.561394,0.499601,0.743346,0.499803,0.470628,0.499815,0.504036,ArmCurl
2,leg,1,0.544114,0.500202,0.74668,0.500046,0.459591,0.499847,0.519031,ArmCurl
2,leg,1,0.522943,0.499761,0.743023,0.499892,0.452367,0.499791,0.481008,ArmCurl
2,leg,1,0.501077,0.501355,0.746823,0.499937,0.450375,0.500377,0.508002,ArmCurl
2,leg,1,0.47733,0.499638,0.744476,0.500397,0.452379,0.499976,0.489491,ArmCurl
2,leg,1,0.455314,0.499431,0.745354,0.499793,0.459639,0.500094,0.50217,ArmCurl
2,leg,1,0.44061,0.501609,0.74453,0.499877,0.47083,0.500311,0.525006,ArmCurl
2,leg,1,0.425547,0.500951,0.745383,0.50021,0.484367,0.499883,0.513734,ArmCurl
2,leg,1,0.426833,0.499237,0.743016,0.500131,0.500253,0.49966,0.496881,ArmCurl
2,leg,1,0.429008,0.499625,0.746581,0.500184,0.515457,0.499724,0.484297,ArmCurl
2,leg,1,0.4396,0.499492,0.746546,0.500013,0.529508,0.500261,0.510377,ArmCurl
2,leg,1,0.455391,0.501697,0.746148,0.500082,0.540317,0.499757,0.507036,ArmCurl
2,leg,1,0.474143,0.499898,0.74388,0.49995,0.547419,0.499696,0.500512,ArmCurl
2,leg,1,0.500769,0.499498,0.744391,0.499527,0.54995,0.500021,0.493238,ArmCurl
2,leg,1,0.522754,0.499782,0.746051,0.500198,0.547506,0.499871,0.51538,ArmCurl
2,leg,1,0.544804,0.49969,0.745674,0.500189,0.540161,0.499614,0.484934,ArmCurl
2,leg,1,0.560455,0.500541,0.744956,0.500489,0.529952,0.499895,0.505354,ArmCurl
2,leg,1,0.569735,0.499858,0.744997,0.500019,0.515554,0.500199,0.483236,ArmCurl
2,leg,1,0.57137,0.501669,0.744473,0.499431,0.499501,0.500167,0.520321,ArmCurl
2,leg,1,0.571375,0.501191,0.744771,0.50012,0.484758,0.499645,0.521977,ArmCurl
2,leg,1,0.560628,0.499365,0.745288,0.500025,0.470635,0.500062,0.53231,ArmCurl
2,leg,1,0.541003,0.50114,0.746996,0.500319,0.459781,0.499691,0.474817,ArmCurl
2,leg,1,0.523512,0.500788,0.745975,0.499968,0.452838,0.500006,0.483725,ArmCurl
2,leg,1,0.500635,0.500673,0.744071,0.499658,0.450468,0.500294,0.501852,ArmCurl
2,leg,1,0.477299,0.49878,0.744376,0.499405,0.452856,0.499827,0.50687,ArmCurl
2,leg,1,0.456837,0.500024,0.745185,0.50047,0.459679,0.499879,0.508084,ArmCurl
2,leg,1,0.441509,0.500078,0.745198,0.50033,0.470516,0.500259,0.495831,ArmCurl
2,leg,1,0.426044,0.500579,0.745371,0.500601,0.484868,0.499918,0.520934,ArmCurl
2,leg,1,0.425039,0.499671,0.74593,0.500058,0.499578,0.500388,0.520386,ArmCurl
2,leg,1,0.428293,0.50073,0.745873,0.500511,0.515975,0.499522,0.474484,ArmCurl
2,leg,1,0.438624,0.498481,0.748533,0.499786,0.529445,0.500225,0.484759,ArmCurl
2,leg,1,0.453995,0.498226,0.7445,0.500221,0.540182,0.499769,0.510649,ArmCurl
2,leg,1,0.475494,0.49732,0.743672,0.49981,0.547588,0.499926,0.487496,ArmCurl
2,leg,1,0.499662,0.500375,0.745779,0.499811,0.549778,0.499916,0.50185,ArmCurl
2,leg,1,0.523828,0.49928,0.743895,0.500298,0.547552,0.500374,0.484437,ArmCurl
2,leg,1,0.545234,0.498543,0.74517,0.500221,0.540644,0.500017,0.481766,ArmCurl
2,leg,1,0.559839,0.500792,0.745537,0.499954,0.529198,0.500516,0.513036,ArmCurl
2,leg,1,0.571512,0.498145,0.746684,0.499984,0.515022,0.499566,0.449199,ArmCurl
2,leg,1,0.574815,0.502308,0.741808,0.499667,0.49976,0.500014,0.523747,ArmCurl
2,leg,1,0.571111,0.50016,0.746489,0.499795,0.484752,0.49997,0.458766,ArmCurl
2,leg,1,0.561061,0.500604,0.745228,0.500084,0.470508,0.500491,0.511737,ArmCurl
2,leg,1,0.544223,0.500784,0.743898,0.500216,0.459788,0.500223,0.462335,ArmCurl
2,leg,1,0.524358,0.500168,0.746269,0.499793,0.452614,0.500261,0.509052,ArmCurl
2,leg,1,0.500007,0.499803,0.745712,0.499997,0.449774,0.499914,0.508284,ArmCurl
2,leg,1,0.475529,0.500326,0.745256,0.500063,0.452256,0.500168,0.466486,ArmCurl
2,leg,1,0.456054,0.499591,0.747032,0.500016,0.459611,0.499855,0.488624,ArmCurl
2,leg,1,0.439709,0.500053,0.743785,0.499851,0.470744,0.499714,0.487211,ArmCurl
2,leg,1,0.429533,0.499135,0.744195,0.500129,0.484137,0.499802,0.498563,ArmCurl
2,leg,1,0.425388,0.501104,0.746288,0.500013,0.500252,0.499837,0.505443,ArmCurl
2,leg,1,0.428937,0.501151,0.744926,0.499688,0.515638,0.499737,0.499708,ArmCurl
2,leg,1,0.439339,0.502102,0.746148,0.500183,0.529156,0.4998,0.489972,ArmCurl
2,leg,1,0.455027,0.499818,0.748338,0.500336,0.541094,0.499948,0.492976,ArmCurl
2,leg,1,0.476911,0.500054,0.742061,0.500176,0.547876,0.500051,0.530661,ArmCurl
2,leg,1,0.499822,0.499158,0.745733,0.500186,0.549752,0.499472,0.469538,ArmCurl
2,leg,1,0.520151,0.50297,0.746534,0.500136,0.547549,0.500047,0.472894,ArmCurl
2,leg,1,0.545676,0.499394,0.744859,0.500094,0.540495,0.500235,0.488878,ArmCurl
2,leg,1,0.56048,0.49908,0.744194,0.50041,0.529795,0.500411,0.452425,ArmCurl
2,leg,1,0.571088,0.501395,0.74462,0.499852,0.515353,0.499859,0.508483,ArmCurl
2,leg,1,0.575045,0.500038,0.744904,0.500082,0.499878,0.500087,0.538258,ArmCurl
2,leg,1,0.571385,0.499953,0.746373,0.499773,0.48431,0.500069,0.513577,ArmCurl
2,leg,1,0.558906,0.501065,0.74588,0.500173,0.47005,0.500112,0.534737,ArmCurl
2,leg,1,0.544598,0.50215,0.745027,0.500539,0.459959,0.500314,0.503576,ArmCurl
2,leg,1,0.524671,0.501022,0.742789,0.500037,0.452634,0.499946,0.498198,ArmCurl
2,leg,1,0.499282,0.500433,0.745276,0.499213,0.450192,0.500198,0.494861,ArmCurl
2,leg,1,0.476314,0.500085,0.746265,0.499814,0.45253,0.499895,0.49991,ArmCurl
2,leg,1,0.457779,0.500151,0.744788,0.49973,0.45934,0.500003,0.476574,ArmCurl
2,leg,1,0.43893,0.500503,0.746283,0.499816,0.470655,0.500086,0.493141,ArmCurl
2,leg,1,0.428168,0.49726,0.744048,0.499962,0.484384,0.500438,0.510706,ArmCurl
2,leg,1,0.425515,0.498612,0.74385,0.500127,0.499567,0.500051,0.502683,ArmCurl
2,leg,1,0.42907,0.501329,0.745039,0.500061,0.515601,0.499824,0.50767,ArmCurl
2,leg,1,0.439125,0.499921,0.745725,0.499771,0.52928,0.500027,0.49739,ArmCurl
2,leg,1,0.45486,0.500946,0.74458,0.500296,0.540204,0.500358,0.518213,ArmCurl
2,leg,1,0.476353,0.496334,0.747198,0.499968,0.547904,0.500133,0.543891,ArmCurl
2,leg,1,0.502366,0.499928,0.746134,0.499988,0.550539,0.500041,0.557927,ArmCurl
2,leg,1,0.524172,0.500769,0.74421,0.500135,0.547974,0.500234,0.529914,ArmCurl
2,leg,1,0.544856,0.50184,0.745567,0.49979,0.540701,0.500158,0.54425,ArmCurl
2,leg,1,0.559918,0.498525,0.744653,0.50035,0.529265,0.500021,0.493937,ArmCurl
2,leg,1,0.57185,0.500978,0.743179,0.500183,0.515537,0.500573,0.491212,ArmCurl
2,leg,1,0.572848,0.500139,0.745317,0.500134,0.500297,0.500118,0.522421,ArmCurl
2,leg,1,0.571874,0.500965,0.746127,0.499837,0.484949,0.499581,0.51904,ArmCurl
2,leg,1,0.561163,0.499194,0.74623,0.500199,0.470357,0.500018,0.486644,ArmCurl
2,leg,1,0.543391,0.499802,0.74491,0.500129,0.459463,0.500025,0.52463,ArmCurl
2,leg,1,0.523799,0.501356,0.745055,0.500282,0.45204,0.500158,0.513108,ArmCurl
2,leg,1,0.501503,0.500463,0.746064,0.500257,0.450184,0.499833,0.497725,ArmCurl
2,leg,1,0.476584,0.501169,0.747228,0.500066,0.452352,0.500106,0.521348,ArmCurl
2,leg,1,0.453621,0.500456,0.747912,0.499999,0.458974,0.500298,0.477035,ArmCurl
2,leg,1,0.443181,0.499741,0.746307,0.500124,0.470987,0.500395,0.495147,ArmCurl
2,leg,1,0.429319,0.499181,0.745145,0.49991,0.484158,0.499668,0.517531,ArmCurl
2,leg,1,0.424902,0.498436,0.746059,0.499562,0.500171,0.499875,0.488359,ArmCurl
2,leg,1,0.430539,0.498293,0.744923,0.500186,0.515257,0.499624,0.501199,ArmCurl
2,leg,1,0.438645,0.500953,0.743197,0.499789,0.52937,0.499437,0.502761,ArmCurl
2,leg,1,0.455285,0.499964,0.744402,0.499989,0.540349,0.499721,0.49072,ArmCurl
2,leg,1,0.476237,0.500761,0.744223,0.499776,0.547587,0.499792,0.509273,ArmCurl
2,leg,1,0.499091,0.50058,0.745166,0.499806,0.550028,0.500117,0.47341,ArmCurl
2,leg,1,0.523182,0.499788,0.744614,0.500033,0.547375,0.500009,0.513951,ArmCurl
2,leg,1,0.54249,0.500421,0.74572,0.500304,0.540184,0.499907,0.520783,ArmCurl
2,leg,1,0.558808,0.50115,0.747204,0.500167,0.529123,0.500156,0.472667,ArmCurl
2,leg,1,0.571834,0.498271,0.746173,0.500249,0.515202,0.500117,0.500217,ArmCurl
2,leg,1,0.57684,0.501064,0.744543,0.500034,0.499924,0.500323,0.520007,ArmCurl
2,leg,1,0.572431,0.500977,0.746691,0.499941,0.484568,0.499945,0.467487,ArmCurl
2,leg,1,0.558457,0.49971,0.746592,0.500196,0.470639,0.500386,0.490777,ArmCurl
2,leg,1,0.54374,0.499297,0.743518,0.49989,0.459769,0.499693,0.497344,ArmCurl
2,leg,1,0.522709,0.502426,0.744929,0.500048,0.452572,0.499926,0.491455,ArmCurl
2,leg,1,0.499013,0.498526,0.744823,0.500126,0.4501,0.49987,0.494981,ArmCurl
2,leg,1,0.475475,0.500577,0.745449,0.499976,0.45244,0.500486,0.482557,ArmCurl
2,leg,1,0.454155,0.498955,0.747809,0.500061,0.459494,0.50029,0.456228,ArmCurl
2,leg,1,0.438738,0.499483,0.744065,0.499831,0.470775,0.499836,0.501191,ArmCurl
2,leg,1,0.428968,0.50213,0.747082,0.500353,0.484279,0.499952,0.507183,ArmCurl
2,leg,1,0.42527,0.500618,0.744451,0.49984,0.500162,0.500212,0.512276,ArmCurl
2,leg,1,0.425612,0.498107,0.747751,0.499826,0.515338,0.500069,0.524615,ArmCurl
2,leg,1,0.437883,0.499245,0.745979,0.499645,0.529309,0.499643,0.48097,ArmCurl
2,leg,1,0.454762,0.500656,0.746795,0.500215,0.539935,0.499952,0.507487,ArmCurl
2,leg,1,0.476257,0.501143,0.744833,0.499842,0.547376,0.500264,0.478465,ArmCurl
2,leg,1,0.501023,0.498403,0.744926,0.50021,0.550318,0.500299,0.46696,ArmCurl
2,leg,1,0.523677,0.50041,0.744439,0.500157,0.54747,0.500274,0.512651,ArmCurl
2,leg,1,0.544909,0.499337,0.746566,0.499799,0.540577,0.499686,0.49794,ArmCurl
2,leg,1,0.561456,0.499047,0.745374,0.500388,0.529219,0.500032,0.491276,ArmCurl
2,leg,1,0.571336,0.500641,0.745676,0.500212,0.515163,0.499829,0.484233,ArmCurl
2,leg,1,0.574221,0.499533,0.742471,0.499897,0.500082,0.500048,0.48625,ArmCurl
2,leg,1,0.570374,0.500186,0.744967,0.499692,0.484444,0.500128,0.477122,ArmCurl
2,leg,1,0.559287,0.502018,0.747443,0.500155,0.471208,0.499871,0.481343,ArmCurl
2,leg,1,0.544512,0.500986,0.744654,0.500188,0.459828,0.499688,0.482263,ArmCurl
2,leg,1,0.522711,0.500264,0.744218,0.499847,0.452527,0.500099,0.508058,ArmCurl
2,leg,1,0.500373,0.500674,0.745728,0.499836,0.450044,0.500097,0.490726,ArmCurl
2,leg,1,0.478384,0.501378,0.744762,0.499897,0.45227,0.500397,0.506075,ArmCurl
2,leg,1,0.45703,0.499185,0.74546,0.499606,0.459224,0.5002,0.513225,ArmCurl
2,leg,1,0.437536,0.500414,0.746244,0.499993,0.470849,0.500103,0.523848,ArmCurl
2,leg,1,0.429256,0.498293,0.745991,0.500215,0.484665,0.499971,0.513937,ArmCurl
2,leg,1,0.42572,0.499173,0.743625,0.499956,0.50028,0.499787,0.540375,ArmCurl
2,leg,1,0.427167,0.500989,0.743902,0.499703,0.515307,0.499732,0.523122,ArmCurl
2,leg,1,0.438618,0.499461,0.743814,0.499968,0.529418,0.500111,0.533508,ArmCurl
2,leg,1,0.456041,0.50044,0.742934,0.500111,0.540474,0.500087,0.501231,ArmCurl
2,leg,1,0.478976,0.500686,0.746226,0.500346,0.547187,0.499974,0.483844,ArmCurl
2,leg,1,0.50095,0.500337,0.742868,0.500022,0.549771,0.499768,0.51891,ArmCurl
2,leg,1,0.524929,0.498818,0.745186,0.500069,0.547293,0.500623,0.512704,ArmCurl
2,leg,1,0.543721,0.50114,0.743314,0.499403,0.540675,0.499769,0.501737,ArmCurl
2,leg,1,0.562638,0.498207,0.745425,0.500239,0.529277,0.499936,0.493542,ArmCurl
2,leg,1,0.568841,0.500486,0.745214,0.499898,0.515265,0.499777,0.51996,ArmCurl
2,leg,1,0.573576,0.500518,0.744088,0.500018,0.50016,0.50053,0.506069,ArmCurl
2,leg,1,0.571028,0.500579,0.743924,0.499237,0.484887,0.49986,0.519608,ArmCurl
2,leg,1,0.561113,0.501877,0.744661,0.499934,0.470537,0.50019,0.48275,ArmCurl
2,leg,1,0.542409,0.500578,0.746329,0.500077,0.459815,0.499513,0.487211,ArmCurl
2,leg,1,0.522526,0.498486,0.746755,0.500152,0.452256,0.500007,0.479712,ArmCurl
2,leg,1,0.500486,0.499179,0.744077,0.499961,0.44984,0.500113,0.497298,ArmCurl
2,leg,1,0.478361,0.4996,0.747163,0.500213,0.452219,0.500031,0.486867,ArmCurl
2,leg,1,0.458104,0.503187,0.745321,0.499709,0.459602,0.49963,0.489575,ArmCurl
2,leg,1,0.440367,0.499297,0.744702,0.500267,0.470847,0.500005,0.501751,ArmCurl
2,leg,1,0.426326,0.499797,0.745783,0.500312,0.484442,0.499932,0.492462,ArmCurl
2,leg,1,0.424226,0.502004,0.746325,0.500129,0.499543,0.49974,0.493771,ArmCurl
2,leg,1,0.427715,0.501184,0.746771,0.499793,0.515179,0.500419,0.527761,ArmCurl
2,leg,1,0.439143,0.500627,0.746465,0.499966,0.528966,0.499912,0.492121,ArmCurl
2,leg,1,0.456794,0.49783,0.745531,0.499942,0.540292,0.499963,0.51908,ArmCurl
2,leg,1,0.476915,0.501104,0.746538,0.500293,0.547942,0.500392,0.500234,ArmCurl
2,leg,1,0.500093,0.500366,0.746625,0.499848,0.549648,0.500092,0.507144,ArmCurl
2,leg,1,0.523181,0.501794,0.745051,0.500048,0.547321,0.500393,0.482841,ArmCurl
2,leg,1,0.543085,0.499327,0.744536,0.499898,0.540893,0.499653,0.49537,ArmCurl
2,leg,1,0.558338,0.498778,0.74672,0.499828,0.529118,0.500136,0.504164,ArmCurl
2,leg,1,0.572132,0.498588,0.744883,0.500095,0.515608,0.499961,0.495742,ArmCurl
2,leg,1,0.57575,0.50003,0.746537,0.49979,0.499745,0.500349,0.470077,ArmCurl
2,leg,1,0.572982,0.500682,0.742865,0.500294,0.484558,0.499608,0.494006,ArmCurl
2,leg,1,0.562991,0.49761,0.744021,0.499751,0.470548,0.500435,0.497626,ArmCurl
2,leg,1,0.546348,0.500254,0.745854,0.500004,0.459835,0.49985,0.486153,ArmCurl
2,leg,1,0.523569,0.500207,0.744574,0.499717,0.452037,0.499861,0.4634,ArmCurl
2,leg,1,0.500641,0.498587,0.744682,0.50002,0.449836,0.499882,0.52352,ArmCurl
2,leg,1,0.475698,0.501119,0.743891,0.500075,0.452453,0.500057,0.489698,ArmCurl
2,leg,1,0.45619,0.500168,0.744009,0.499809,0.459448,0.499685,0.51223,ArmCurl
2,leg,1,0.439912,0.499509,0.747412,0.500073,0.470521,0.499793,0.497597,ArmCurl
2,leg,1,0.432765,0.499275,0.743475,0.499677,0.484588,0.500192,0.478659,ArmCurl
2,leg,1,0.42467,0.499032,0.745486,0.500024,0.500059,0.499637,0.500562,ArmCurl
2,leg,1,0.427073,0.50236,0.744424,0.500477,0.516009,0.499592,0.46598,ArmCurl
2,leg,1,0.438131,0.499376,0.745464,0.500162,0.529395,0.499959,0.519118,ArmCurl
2,leg,1,0.455813,0.498757,0.742878,0.499863,0.540331,0.499334,0.494348,ArmCurl
2,leg,1,0.476523,0.499953,0.745747,0.500135,0.547434,0.500165,0.479391,ArmCurl
2,leg,1,0.500409,0.49946,0.746159,0.500179,0.550065,0.499676,0.464044,ArmCurl
2,leg,1,0.524751,0.497904,0.744862,0.499975,0.547018,0.499523,0.497494,ArmCurl
2,leg,1,0.543569,0.501297,0.745305,0.500095,0.540481,0.500174,0.491339,ArmCurl
2,leg,1,0.561221,0.499624,0.744846,0.500178,0.529113,0.499607,0.483721,ArmCurl
2,leg,1,0.573494,0.50237,0.745673,0.500332,0.515308,0.500053,0.503026,ArmCurl
2,leg,1,0.575254,0.501799,0.744907,0.500042,0.500019,0.499922,0.507656,ArmCurl
2,leg,1,0.571574,0.497512,0.745559,0.500006,0.484524,0.499859,0.526688,ArmCurl
2,leg,1,0.561406,0.501131,0.744264,0.500275,0.470844,0.50042,0.506506,ArmCurl
2,leg,1,0.545494,0.499052,0.745742,0.500237,0.45954,0.499888,0.500085,ArmCurl
2,leg,1,0.52062,0.499364,0.743821,0.499893,0.452812,0.499951,0.497462,ArmCurl
2,leg,1,0.498265,0.499061,0.746285,0.499636,0.449666,0.500344,0.491019,ArmCurl
2,leg,1,0.476033,0.500263,0.745177,0.499802,0.452575,0.500085,0.470818,ArmCurl
2,leg,1,0.45612,0.498879,0.746962,0.500069,0.459731,0.500186,0.512453,ArmCurl
2,leg,1,0.441114,0.499713,0.745834,0.499725,0.470572,0.500166,0.530207,ArmCurl
2,leg,1,0.428261,0.500374,0.744676,0.500027,0.483778,0.499734,0.517433,ArmCurl
2,leg,1,0.425876,0.500757,0.745867,0.500212,0.500042,0.499888,0.521137,ArmCurl
2,leg,1,0.427837,0.499813,0.747386,0.499815,0.515789,0.499962,0.454232,ArmCurl
2,leg,1,0.440796,0.502689,0.743771,0.499938,0.529425,0.500427,0.563468,ArmCurl
2,leg,1,0.456472,0.500861,0.745291,0.499973,0.540031,0.499814,0.532131,ArmCurl
2,leg,1,0.477854,0.499929,0.745261,0.500138,0.547607,0.500133,0.476438,ArmCurl
2,leg,1,0.499016,0.501313,0.745067,0.499739,0.549558,0.499708,0.478823,ArmCurl
2,leg,1,0.521649,0.499141,0.746069,0.499832,0.547283,0.499869,0.509479,ArmCurl
2,leg,1,0.544607,0.498768,0.74467,0.500453,0.5402,0.500054,0.487429,ArmCurl
2,leg,1,0.561763,0.499777,0.743029,0.499839,0.529129,0.50043,0.502188,ArmCurl
2,leg,1,0.572415,0.498049,0.745082,0.500196,0.515784,0.499858,0.51372,ArmCurl
2,leg,1,0.573818,0.500059,0.745758,0.500596,0.499497,0.500551,0.536539,ArmCurl
2,leg,1,0.569477,0.499241,0.745794,0.500544,0.484571,0.499629,0.501167,ArmCurl
2,leg,1,0.562881,0.498538,0.745566,0.500045,0.470732,0.499959,0.478672,ArmCurl
2,leg,1,0.543717,0.500862,0.747072,0.49968,0.459657,0.500084,0.520618,ArmCurl
2,leg,1,0.524155,0.496591,0.744552,0.499788,0.452557,0.499618,0.513648,ArmCurl
2,leg,1,0.500391,0.498306,0.746039,0.500004,0.450194,0.500232,0.494325,ArmCurl
2,leg,1,0.475634,0.499289,0.746244,0.499614,0.452367,0.499307,0.50008,ArmCurl
2,leg,1,0.45561,0.5007,0.742521,0.499878,0.4593,0.500085,0.479906,ArmCurl
2,leg,1,0.438738,0.498961,0.746211,0.500111,0.470823,0.500117,0.498304,ArmCurl
2,leg,1,0.428007,0.501171,0.745061,0.500077,0.484272,0.500453,0.487851,ArmCurl
2,leg,1,0.425092,0.499315,0.744811,0.500446,0.500189,0.500037,0.506081,ArmCurl
2,leg,1,0.429332,0.49985,0.745463,0.50061,0.515983,0.500051,0.485812,ArmCurl
2,leg,1,0.439153,0.501336,0.742093,0.499779,0.529233,0.500538,0.480787,ArmCurl
2,leg,1,0.454181,0.499427,0.745809,0.499591,0.540295,0.499914,0.511893,ArmCurl
2,leg,1,0.475344,0.501211,0.743308,0.499944,0.547403,0.50034,0.479455,ArmCurl
2,leg,1,0.502154,0.501299,0.74492,0.499423,0.55013,0.50005,0.479993,ArmCurl
2,leg,1,0.523399,0.499064,0.745747,0.499924,0.54792,0.499979,0.528624,ArmCurl
2,leg,1,0.54493,0.500722,0.744236,0.500089,0.540256,0.500053,0.485872,ArmCurl
2,leg,1,0.560809,0.501762,0.746224,0.499842,0.529608,0.500316,0.510577,ArmCurl
2,leg,1,0.57156,0.500001,0.744146,0.500105,0.515647,0.499763,0.544743,ArmCurl
2,leg,1,0.576269,0.498676,0.747073,0.500081,0.49993,0.499995,0.511201,ArmCurl
2,leg,1,0.570181,0.499766,0.74379,0.499664,0.484302,0.499952,0.486018,ArmCurl
2,leg,1,0.560636,0.499897,0.74555,0.499743,0.470847,0.500221,0.513249,ArmCurl
2,leg,1,0.544121,0.500394,0.745602,0.499961,0.459402,0.500031,0.497525,ArmCurl
2,leg,1,0.520774,0.500857,0.744652,0.499749,0.452782,0.500092,0.500855,ArmCurl
2,leg,1,0.500863,0.501662,0.747591,0.500025,0.449996,0.499779,0.495997,ArmCurl
2,leg,1,0.476266,0.500005,0.745521,0.500184,0.452865,0.500222,0.470637,ArmCurl
2,leg,1,0.455403,0.500795,0.744551,0.500198,0.459781,0.499902,0.510356,ArmCurl
2,leg,1,0.441665,0.500959,0.745008,0.499665,0.470621,0.499851,0.497616,ArmCurl
2,leg,1,0.429571,0.498375,0.745463,0.500345,0.484352,0.49974,0.49019,ArmCurl
2,leg,1,0.425952,0.50093,0.746191,0.500226,0.4998,0.499926,0.522471,ArmCurl
2,leg,1,0.431117,0.501321,0.744538,0.499977,0.515055,0.499784,0.516112,ArmCurl
2,leg,1,0.439732,0.502419,0.743515,0.499723,0.529391,0.499954,0.520268,ArmCurl
2,leg,1,0.45529,0.498756,0.746347,0.499422,0.540474,0.499787,0.507782,ArmCurl
2,leg,1,0.476947,0.499682,0.743279,0.500264,0.54817,0.499834,0.491181,ArmCurl
2,leg,1,0.500417,0.500602,0.746286,0.499243,0.549809,0.499625,0.485994,ArmCurl
2,leg,1,0.523761,0.499384,0.74564,0.500419,0.547636,0.499904,0.525618,ArmCurl
2,leg,1,0.544225,0.49642,0.747297,0.500244,0.540736,0.499639,0.559794,ArmCurl
2,leg,1,0.560157,0.501057,0.744016,0.500171,0.52953,0.500218,0.493241,ArmCurl
2,leg,1,0.572478,0.501008,0.744414,0.499614,0.514991,0.499683,0.533269,ArmCurl
2,leg,1,0.576255,0.499138,0.745705,0.500038,0.500503,0.500166,0.504658,ArmCurl
2,leg,1,0.569671,0.500422,0.743619,0.500063,0.48479,0.50035,0.475672,ArmCurl
2,leg,1,0.558385,0.500917,0.746283,0.499931,0.470987,0.499743,0.51498,ArmCurl
2,leg,1,0.542306,0.498967,0.746843,0.499884,0.45918,0.499806,0.482273,ArmCurl
2,leg,1,0.524743,0.499384,0.745721,0.499907,0.452301,0.499984,0.506673,ArmCurl
2,leg,1,0.502395,0.498669,0.746882,0.500089,0.450604,0.500456,0.474999,ArmCurl
2,leg,1,0.476614,0.501285,0.746008,0.500146,0.452912,0.499784,0.482673,ArmCurl
2,leg,1,0.456165,0.501541,0.746054,0.500456,0.459555,0.499559,0.516849,ArmCurl
2,leg,1,0.439569,0.499367,0.747388,0.499658,0.471347,0.500116,0.475919,ArmCurl
2,leg,1,0.425556,0.499338,0.744578,0.499939,0.484927,0.500449,0.511282,ArmCurl
2,leg,1,0.42447,0.499576,0.745821,0.500288,0.499963,0.499499,0.481086,ArmCurl
2,leg,1,0.429051,0.501093,0.744506,0.499812,0.51518,0.499816,0.522729,ArmCurl
2,leg,1,0.438345,0.500775,0.743802,0.499919,0.528962,0.500179,0.500527,ArmCurl
2,leg,1,0.455907,0.498857,0.746896,0.499618,0.540771,0.500301,0.489691,ArmCurl
2,leg,1,0.478482,0.498325,0.746656,0.499746,0.547789,0.500275,0.522576,ArmCurl
2,leg,1,0.500419,0.49995,0.744461,0.500216,0.550117,0.50007,0.505062,ArmCurl
2,leg,1,0.521359,0.499344,0.744743,0.499859,0.547696,0.49984,0.503534,ArmCurl
2,leg,1,0.543401,0.500406,0.747471,0.499949,0.540604,0.500005,0.461382,ArmCurl
2,leg,1,0.560994,0.499988,0.745944,0.499957,0.529297,0.499779,0.507433,ArmCurl
2,leg,1,0.573513,0.498933,0.745459,0.499885,0.515323,0.499403,0.508248,ArmCurl
2,leg,1,0.573439,0.503712,0.746195,0.499716,0.500556,0.499353,0.507688,ArmCurl
2,leg,1,0.572048,0.49883,0.746099,0.499974,0.484444,0.500055,0.489977,ArmCurl
2,leg,1,0.559914,0.49853,0.74646,0.500076,0.470559,0.499861,0.487426,ArmCurl
2,leg,1,0.543719,0.500605,0.745108,0.499869,0.459971,0.500199,0.512292,ArmCurl
2,leg,1,0.523954,0.499139,0.74699,0.500008,0.452494,0.50016,0.497621,ArmCurl
2,leg,1,0.500894,0.502413,0.746774,0.500065,0.44971,0.500344,0.497084,ArmCurl
2,leg,1,0.475647,0.498019,0.746025,0.49925,0.45248,0.499876,0.534633,ArmCurl
2,leg,1,0.453744,0.499792,0.743733,0.500048,0.459499,0.499986,0.5141,ArmCurl
2,leg,1,0.439624,0.499246,0.744805,0.500146,0.470829,0.499602,0.481057,ArmCurl
2,leg,1,0.42917,0.499234,0.745004,0.49988,0.484444,0.499797,0.496962,ArmCurl
2,leg,1,0.426238,0.497503,0.746641,0.499677,0.500177,0.500077,0.504481,ArmCurl
2,leg,1,0.429076,0.501467,0.745893,0.499879,0.515211,0.499977,0.520372,ArmCurl
2,leg,1,0.438698,0.499123,0.74517,0.50003,0.529308,0.500207,0.476712,ArmCurl
2,leg,1,0.454671,0.498778,0.74222,0.499804,0.540715,0.500055,0.511672,ArmCurl
2,leg,1,0.475871,0.500408,0.746066,0.500218,0.547562,0.500041,0.502257,ArmCurl
2,leg,1,0.502184,0.5,0.74539,0.500406,0.549911,0.499871,0.50118,ArmCurl
2,leg,1,0.522471,0.500919,0.743546,0.499854,0.547713,0.499978,0.460785,ArmCurl
2,leg,1,0.544852,0.501531,0.744238,0.499743,0.540738,0.500074,0.490355,ArmCurl
2,leg,1,0.563082,0.49997,0.746237,0.499993,0.52948,0.500391,0.537568,ArmCurl
2,leg,1,0.572682,0.500515,0.744649,0.49967,0.515472,0.49955,0.520264,ArmCurl
2,leg,1,0.574749,0.499602,0.74498,0.500548,0.500257,0.499913,0.469923,ArmCurl
2,leg,1,0.571416,0.499718,0.7443,0.50008,0.484557,0.500053,0.51485,ArmCurl
2,leg,1,0.559858,0.500853,0.745122,0.500001,0.470852,0.499608,0.486467,ArmCurl
2,leg,1,0.544182,0.500154,0.745436,0.499928,0.459486,0.500035,0.505759,ArmCurl
2,leg,1,0.52009,0.500356,0.744627,0.500114,0.452681,0.500235,0.459473,ArmCurl
2,leg,1,0.498086,0.498608,0.747521,0.500655,0.44997,0.50038,0.508355,ArmCurl
2,leg,1,0.476386,0.49903,0.746387,0.499805,0.452882,0.499868,0.53349,ArmCurl
2,leg,1,0.455014,0.500627,0.745315,0.500073,0.459432,0.500016,0.493603,ArmCurl
2,leg,1,0.440105,0.500576,0.744127,0.499477,0.470577,0.500211,0.530754,ArmCurl
2,leg,1,0.426219,0.500123,0.744849,0.499963,0.484508,0.499807,0.488278,ArmCurl
2,leg,1,0.425433,0.502714,0.745608,0.499853,0.500155,0.499464,0.482318,ArmCurl
2,leg,1,0.42768,0.50063,0.745729,0.499828,0.515662,0.499835,0.4637,ArmCurl
2,leg,1,0.438581,0.498865,0.745899,0.499639,0.529472,0.500152,0.518973,ArmCurl
2,leg,1,0.456059,0.500796,0.74485,0.500204,0.540399,0.50004,0.553018,ArmCurl
2,leg,1,0.475678,0.499719,0.744133,0.500403,0.547695,0.499951,0.504908,ArmCurl
2,leg,1,0.50151,0.499004,0.746574,0.499548,0.499856,0.500107,0.53751,Null
2,leg,1,0.497526,0.497964,0.744711,0.500141,0.499896,0.500183,0.500385,Null
2,leg,1,0.499097,0.498425,0.745746,0.499877,0.500085,0.499733,0.481611,Null
2,leg,1,0.499609,0.498466,0.74502,0.499935,0.500088,0.499577,0.50056,Null
2,leg,1,0.498698,0.501948,0.745795,0.500196,0.499869,0.50023,0.509641,Null
2,leg,1,0.499636,0.499599,0.746192,0.500145,0.50013,0.4999,0.483376,Null
2,leg,1,0.500674,0.49998,0.74418,0.500351,0.49999,0.50003,0.508637,Null
2,leg,1,0.500205,0.49875,0.746364,0.500477,0.500274,0.500086,0.507079,Null
2,leg,1,0.500693,0.499087,0.745576,0.4993,0.500063,0.499893,0.51576,Null
2,leg,1,0.502093,0.499516,0.745427,0.500238,0.500035,0.50008,0.496154,Null
2,leg,1,0.499926,0.500397,0.74493,0.500015,0.500132,0.500356,0.511468,Null
2,leg,1,0.499452,0.499748,0.744253,0.500252,0.500192,0.499882,0.524032,Null
2,leg,1,0.501269,0.499916,0.745819,0.500203,0.499979,0.49974,0.49042,Null
2,leg,1,0.499338,0.499693,0.745251,0.499517,0.499644,0.499644,0.49985,Null
2,leg,1,0.498453,0.502361,0.745626,0.499957,0.499984,0.499914,0.497387,Null
2,leg,1,0.499261,0.499461,0.746394,0.500045,0.500067,0.499721,0.470185,Null
2,leg,1,0.499504,0.500985,0.747873,0.49984,0.500164,0.500239,0.517148,Null
2,leg,1,0.498634,0.50094,0.743737,0.500046,0.500069,0.499902,0.514792,Null
2,leg,1,0.500447,0.499016,0.747511,0.500611,0.499997,0.500132,0.487875,Null
2,leg,1,0.502391,0.501626,0.744004,0.499727,0.500427,0.500395,0.477035,Null
2,leg,1,0.500796,0.500583,0.744962,0.500265,0.499988,0.500335,0.478644,Null
2,leg,1,0.500208,0.499172,0.74502,0.499888,0.499712,0.499716,0.470035,Null
2,leg,1,0.498885,0.499695,0.744264,0.500322,0.499674,0.500326,0.502096,Null
2,leg,1,0.501085,0.501682,0.742939,0.499908,0.499861,0.500474,0.481061,Null
2,leg,1,0.499477,0.499864,0.745134,0.499745,0.49979,0.499732,0.495942,Null
2,leg,1,0.498316,0.498673,0.744976,0.499968,0.499539,0.499873,0.487817,Null
2,leg,1,0.501176,0.501155,0.746529,0.499699,0.50032,0.500248,0.524344,Null
2,leg,1,0.500667,0.500348,0.742624,0.500004,0.500226,0.499755,0.492717,Null
2,leg,1,0.499066,0.499093,0.747193,0.499811,0.499502,0.499954,0.538393,Null
2,leg,1,0.49903,0.501469,0.743119,0.500372,0.500141,0.500285,0.519073,Null
2,leg,1,0.50131,0.500451,0.744197,0.50013,0.499966,0.500101,0.510794,Null
2,leg,1,0.50103,0.501562,0.744404,0.499492,0.499676,0.500085,0.524016,Null
2,leg,1,0.497437,0.500411,0.744129,0.500684,0.499917,0.500337,0.446944,Null
2,leg,1,0.498234,0.502264,0.744506,0.499798,0.49988,0.49986,0.512674,Null
2,leg,1,0.499138,0.500881,0.746116,0.500257,0.500212,0.4999,0.470145,Null
2,leg,1,0.500856,0.500837,0.746088,0.500238,0.500329,0.500402,0.487104,Null
2,leg,1,0.500306,0.501814,0.746043,0.500257,0.500025,0.499603,0.48397,Null
2,leg,1,0.498104,0.49746,0.746311,0.500017,0.500037,0.499915,0.508497,Null
2,leg,1,0.499216,0.501947,0.746875,0.499983,0.500107,0.499632,0.505716,Null
2,leg,1,0.500335,0.500621,0.745541,0.499518,0.49973,0.499963,0.512716,Null
2,leg,1,0.499214,0.49661,0.745624,0.499821,0.500247,0.500087,0.482922,Null
2,leg,1,0.499375,0.499877,0.747267,0.500161,0.500022,0.500213,0.515756,Null
2,leg,1,0.500674,0.497844,0.742332,0.499952,0.500399,0.500009,0.46093,Null
2,leg,1,0.500984,0.500082,0.746543,0.499681,0.500257,0.50036,0.514216,Null
2,leg,1,0.500189,0.499093,0.747449,0.499929,0.500198,0.500518,0.494737,Null
2,leg,1,0.499489,0.500823,0.743398,0.499592,0.499957,0.50005,0.474622,Null
2,leg,1,0.498155,0.501867,0.746365,0.500133,0.499882,0.500093,0.492513,Null
2,leg,1,0.500904,0.499704,0.743531,0.500108,0.500261,0.50034,0.493821,Null
2,leg,1,0.501203,0.500433,0.746434,0.500031,0.499952,0.500333,0.519493,Null
2,leg,1,0.498683,0.49903,0.743172,0.500102,0.499471,0.499854,0.480904,Null
2,leg,1,0.500897,0.50117,0.746476,0.499823,0.500061,0.499752,0.512763,Null
2,leg,1,0.500358,0.498489,0.746821,0.50011,0.500383,0.500202,0.499101,Null
2,leg,1,0.499957,0.501334,0.745451,0.500143,0.499801,0.500088,0.53934,Null
2,leg,1,0.500633,0.498742,0.746826,0.500466,0.50024,0.49992,0.499362,Null
2,leg,1,0.499148,0.500171,0.74736,0.500039,0.500406,0.500372,0.478258,Null
2,leg,1,0.500343,0.500763,0.743544,0.499411,0.499879,0.500222,0.465634,Null
2,leg,1,0.500277,0.49914,0.743532,0.499854,0.50021,0.499657,0.557002,Null
2,leg,1,0.501059,0.500821,0.746641,0.500044,0.499942,0.499791,0.496372,Null
2,leg,1,0.500171,0.498056,0.744922,0.499988,0.500729,0.50012,0.508907,Null
2,leg,1,0.499972,0.501909,0.744878,0.499883,0.500092,0.499771,0.515824,Null
2,leg,1,0.501862,0.500381,0.744159,0.499755,0.500313,0.500045,0.479531,Null
2,leg,1,0.498788,0.499428,0.744877,0.500592,0.500123,0.500225,0.509879,Null
2,leg,1,0.499748,0.498073,0.74388,0.49968,0.499441,0.500313,0.506512,Null
2,leg,1,0.500631,0.501237,0.746595,0.500433,0.500066,0.500173,0.497208,Null
2,leg,1,0.499938,0.49723,0.74583,0.500216,0.499951,0.499941,0.48654,Null
2,leg,1,0.499778,0.500645,0.743682,0.500138,0.500282,0.499757,0.514935,Null
2,leg,1,0.498917,0.498531,0.744384,0.50023,0.499833,0.500022,0.518777,Null
2,leg,1,0.500165,0.500497,0.742382,0.500152,0.499827,0.499728,0.483296,Null
2,leg,1,0.500411,0.5006,0.746295,0.500318,0.500007,0.499787,0.479682,Null
2,leg,1,0.500424,0.502351,0.745166,0.49975,0.499385,0.499925,0.478358,Null
2,leg,1,0.498833,0.500907,0.746305,0.49995,0.500032,0.499938,0.538156,Null
2,leg,1,0.501919,0.500322,0.746458,0.500053,0.49987,0.500071,0.492021,Null
2,leg,1,0.49841,0.501386,0.746653,0.500278,0.499554,0.500033,0.499465,Null
2,leg,1,0.499167,0.497631,0.747471,0.500317,0.49987,0.499973,0.459913,Null
2,leg,1,0.503383,0.499042,0.744204,0.500074,0.500038,0.500018,0.492191,Null
2,leg,1,0.500175,0.501562,0.745623,0.499996,0.500051,0.500461,0.503664,Null
2,leg,1,0.501561,0.499879,0.743745,0.500241,0.499939,0.499912,0.507938,Null
2,leg,1,0.499612,0.499958,0.7444,0.500319,0.499985,0.500468,0.505306,Null
2,leg,1,0.500234,0.500436,0.744483,0.500215,0.500243,0.50013,0.510202,Null
2,leg,1,0.499356,0.500257,0.744971,0.499999,0.499502,0.500085,0.468749,Null
2,leg,1,0.501588,0.49801,0.744011,0.499636,0.500002,0.499834,0.446921,Null
2,leg,1,0.498629,0.499465,0.744203,0.499903,0.500132,0.49974,0.51274,Null
2,leg,1,0.500767,0.498083,0.745627,0.5002,0.499685,0.49967,0.512632,Null
2,leg,1,0.500212,0.499201,0.746674,0.49927,0.499823,0.500089,0.49531,Null
2,leg,1,0.501755,0.500508,0.744403,0.499534,0.50029,0.49999,0.464632,Null
2,leg,1,0.498482,0.49932,0.74427,0.499886,0.500271,0.499974,0.499776,Null
2,leg,1,0.502589,0.499579,0.744574,0.499929,0.499977,0.500108,0.483237,Null
2,leg,1,0.499208,0.499739,0.748273,0.500427,0.499943,0.500041,0.510467,Null
2,leg,1,0.499028,0.502858,0.745122,0.500282,0.499825,0.500023,0.525459,Null
2,leg,1,0.500073,0.499115,0.746146,0.499527,0.499851,0.500023,0.484548,Null
2,leg,1,0.501416,0.499516,0.747278,0.499853,0.499977,0.499998,0.516877,Null
2,leg,1,0.500685,0.500304,0.744944,0.50007,0.499554,0.500174,0.515923,Null
2,leg,1,0.499007,0.499063,0.748125,0.500056,0.499861,0.500269,0.522585,Null
2,leg,1,0.50046,0.498629,0.745953,0.49987,0.499877,0.49986,0.500355,Null
2,leg,1,0.49979,0.500154,0.744931,0.499989,0.499546,0.50035,0.495727,Null
2,leg,1,0.500712,0.499172,0.744327,0.499915,0.500125,0.500065,0.480359,Null
2,leg,1,0.500804,0.500323,0.745691,0.500199,0.499662,0.500044,0.511414,Null
2,leg,1,0.499533,0.499477,0.745014,0.50003,0.5007,0.499959,0.501341,Null
2,leg,1,0.499419,0.501732,0.743922,0.500094,0.500111,0.500273,0.513279,Null
2,leg,1,0.497389,0.4984,0.745538,0.500122,0.499781,0.499947,0.506936,Null
2,leg,1,0.501669,0.500242,0.745421,0.499872,0.499978,0.499896,0.530076,Null
2,leg,1,0.500786,0.502381,0.744306,0.499421,0.499976,0.500058,0.51102,Null
2,leg,1,0.502368,0.499521,0.744849,0.499874,0.499718,0.499998,0.467369,Null
2,leg,1,0.500578,0.500735,0.745087,0.500218,0.500249,0.500143,0.516685,Null
2,leg,1,0.499823,0.501248,0.744887,0.499346,0.500249,0.499675,0.515181,Null
2,leg,1,0.500169,0.497703,0.744498,0.500317,0.500128,0.499878,0.517271,Null
2,leg,1,0.498627,0.500411,0.74624,0.500345,0.500567,0.499673,0.504392,Null
2,leg,1,0.499959,0.501094,0.74612,0.500022,0.499995,0.499933,0.524387,Null
2,leg,1,0.499856,0.498346,0.744796,0.499994,0.500248,0.500198,0.516282,Null
2,leg,1,0.501732,0.499578,0.74573,0.499894,0.500252,0.499437,0.507288,Null
2,leg,1,0.5004,0.498197,0.745978,0.499513,0.500273,0.500272,0.489611,Null
2,leg,1,0.49798,0.498523,0.745969,0.499912,0.500096,0.499972,0.518819,Null
2,leg,1,0.49896,0.499498,0.74454,0.499822,0.499908,0.500489,0.491265,Null
2,leg,1,0.501188,0.500265,0.746595,0.500177,0.500088,0.49977,0.482482,Null
2,leg,1,0.499808,0.500194,0.745591,0.500187,0.499642,0.499542,0.518804,Null
2,leg,1,0.501442,0.499486,0.745433,0.500417,0.499903,0.499862,0.440907,Null
2,leg,1,0.500151,0.501027,0.747465,0.500129,0.499799,0.500315,0.487592,Null
2,leg,1,0.498138,0.501291,0.744784,0.499917,0.500337,0.500197,0.48396,Null
2,leg,1,0.499988,0.501674,0.744794,0.500014,0.499834,0.499933,0.48354,Null
2,leg,1,0.500185,0.500099,0.746973,0.500277,0.500029,0.500054,0.523346,Null
2,leg,1,0.499006,0.49996,0.746682,0.500193,0.500183,0.50019,0.500969,Null
2,leg,1,0.501533,0.500356,0.746836,0.499827,0.499648,0.500483,0.523533,Null
2,leg,1,0.499899,0.499406,0.745333,0.500196,0.499565,0.500396,0.518058,Null
2,leg,1,0.500828,0.501832,0.746329,0.500146,0.499544,0.500149,0.472303,Null
2,leg,1,0.501649,0.501427,0.74579,0.499646,0.499429,0.499929,0.487638,Null
2,leg,1,0.498735,0.500684,0.745374,0.499794,0.499947,0.499658,0.484282,Null
2,leg,1,0.499572,0.498423,0.746502,0.499992,0.499387,0.499906,0.466524,Null
2,leg,1,0.50274,0.49959,0.74621,0.499835,0.499793,0.499639,0.513875,Null
2,leg,1,0.499681,0.499127,0.744066,0.500248,0.500249,0.499802,0.466529,Null
2,leg,1,0.499938,0.498465,0.74435,0.500161,0.500375,0.499682,0.491391,Null
2,leg,1,0.498367,0.500277,0.745108,0.499988,0.500104,0.499912,0.484162,Null
2,leg,1,0.501027,0.498065,0.746333,0.499945,0.500239,0.499996,0.530621,Null
2,leg,1,0.499405,0.498086,0.745991,0.499959,0.499872,0.499928,0.503425,Null
2,leg,1,0.500899,0.499529,0.745534,0.499946,0.500006,0.500493,0.527515,Null
2,leg,1,0.500259,0.498539,0.744987,0.500063,0.499859,0.500072,0.51319,Null
2,leg,1,0.50075,0.500455,0.744449,0.499978,0.499601,0.500257,0.479818,Null
2,leg,1,0.501825,0.497652,0.744907,0.500098,0.499951,0.499641,0.484359,Null
2,leg,1,0.499326,0.500473,0.744042,0.500068,0.499585,0.500397,0.481307,Null
2,leg,1,0.500415,0.500329,0.746236,0.499898,0.499973,0.499925,0.493474,Null
2,leg,1,0.499401,0.498344,0.744729,0.499852,0.500262,0.500002,0.497378,Null
2,leg,1,0.499846,0.501502,0.74528,0.500113,0.499989,0.499721,0.52259,Null
2,leg,1,0.501371,0.498138,0.7448,0.500312,0.500142,0.50039,0.502822,Null
2,leg,1,0.499805,0.499777,0.741572,0.500156,0.50004,0.499683,0.503764,Null
2,leg,1,0.501142,0.500118,0.747987,0.499811,0.500052,0.500257,0.46391,Null
2,leg,1,0.499578,0.50067,0.743646,0.500086,0.500182,0.49986,0.520623,Null
2,leg,1,0.500885,0.499578,0.74523,0.499945,0.499762,0.499967,0.509608,Null
2,leg,1,0.499652,0.498925,0.745409,0.499666,0.500272,0.500044,0.502827,Null
2,leg,1,0.499095,0.501332,0.746403,0.499853,0.500034,0.499988,0.505867,Null
2,leg,1,0.501201,0.499151,0.746,0.50019,0.499627,0.500171,0.476416,Null
2,leg,1,0.497432,0.50098,0.74455,0.500419,0.499994,0.500148,0.533422,Null
2,leg,1,0.502844,0.498862,0.744843,0.499704,0.499567,0.499752,0.483608,Null
2,leg,1,0.501601,0.499116,0.746571,0.499953,0.499886,0.499734,0.481405,Null
2,leg,1,0.498402,0.497473,0.746379,0.499809,0.500469,0.500003,0.52438,Null
2,leg,1,0.500847,0.503412,0.745721,0.500196,0.499879,0.499686,0.490798,Null
2,leg,1,0.497789,0.499842,0.744567,0.499883,0.499825,0.499934,0.519232,Null
2,leg,1,0.502621,0.501475,0.743693,0.499837,0.499687,0.49993,0.488729,Null
2,leg,1,0.498756,0.499677,0.744607,0.499782,0.499911,0.499917,0.453287,Null
2,leg,1,0.499494,0.499479,0.743648,0.499918,0.499834,0.499927,0.510795,Null
2,leg,1,0.500456,0.498343,0.746993,0.500481,0.500095,0.500275,0.505129,Null
2,leg,1,0.499753,0.5006,0.74691,0.4999,0.499599,0.499926,0.51334,Null
2,leg,1,0.498976,0.500825,0.745547,0.500079,0.50017,0.5003,0.503546,Null
2,leg,1,0.498342,0.500459,0.743004,0.4996,0.49988,0.499554,0.495852,Null
2,leg,1,0.50169,0.501455,0.743961,0.499845,0.50005,0.499965,0.523104,Null
2,leg,1,0.500559,0.498456,0.744682,0.499283,0.500005,0.500147,0.534225,Null
2,leg,1,0.499897,0.500601,0.746173,0.500184,0.49973,0.500179,0.506374,Null
2,leg,1,0.500118,0.500283,0.744817,0.49968,0.499925,0.499639,0.482117,Null
2,leg,1,0.50046,0.49941,0.744681,0.4998,0.500098,0.500168,0.472619,Null
2,leg,1,0.497694,0.500766,0.74472,0.50011,0.500002,0.499704,0.481399,Null
2,leg,1,0.499696,0.500168,0.745601,0.50031,0.499918,0.500163,0.531758,Null
2,leg,1,0.500716,0.500627,0.746866,0.500022,0.499766,0.500074,0.517734,Null
2,leg,1,0.501789,0.499316,0.745212,0.499952,0.499651,0.499961,0.529994,Null
2,leg,1,0.500156,0.501019,0.745324,0.500285,0.499565,0.500186,0.465646,Null
2,leg,1,0.49919,0.501665,0.745964,0.500123,0.499815,0.499804,0.495632,Null
2,leg,1,0.501778,0.497758,0.744167,0.499942,0.49992,0.500297,0.543844,Null
2,leg,1,0.500704,0.498533,0.745106,0.500326,0.499899,0.499744,0.503871,Null
2,leg,1,0.502272,0.500961,0.74443,0.499885,0.5001,0.49992,0.49483,Null
2,leg,1,0.497743,0.499923,0.744618,0.500235,0.500206,0.500223,0.492371,Null
2,leg,1,0.501169,0.500709,0.74695,0.499823,0.499911,0.500126,0.512833,Null
2,leg,1,0.498423,0.498763,0.743919,0.499893,0.500051,0.500376,0.505819,Null
2,leg,1,0.499121,0.501701,0.743668,0.499736,0.499702,0.500281,0.50354,Null
2,leg,1,0.499412,0.50133,0.746405,0.500073,0.500176,0.500238,0.459669,Null
2,leg,1,0.499012,0.500183,0.746008,0.499399,0.499754,0.500057,0.49015,Null
2,leg,1,0.501593,0.501129,0.745816,0.500272,0.499811,0.499937,0.445733,Null
2,leg,1,0.498697,0.501584,0.744279,0.500478,0.500005,0.499995,0.519927,Null
2,leg,1,0.500925,0.499682,0.744757,0.499734,0.499664,0.499623,0.50814,Null
2,leg,1,0.499062,0.500643,0.743937,0.500127,0.499718,0.500154,0.490613,Null
2,leg,1,0.500823,0.501968,0.745073,0.500383,0.500297,0.499939,0.506732,Null
2,leg,1,0.500211,0.501557,0.744896,0.500194,0.499126,0.499939,0.4879,Null
2,leg,1,0.497531,0.501929,0.744998,0.500148,0.499872,0.500376,0.519297,Null
2,leg,1,0.500835,0.500062,0.746846,0.500019,0.500224,0.499978,0.465922,Null
2,leg,1,0.499547,0.500238,0.744117,0.499897,0.499987,0.499725,0.499415,Null
2,leg,1,0.498886,0.499375,0.745052,0.499928,0.499746,0.499718,0.532922,Null
2,leg,1,0.49989,0.497928,0.742977,0.500368,0.499972,0.499799,0.500123,Null
2,leg,1,0.501655,0.5019,0.745522,0.500103,0.500009,0.500146,0.486217,Null
2,leg,1,0.500364,0.501114,0.746792,0.499886,0.499702,0.500068,0.479241,Null
2,leg,1,0.498933,0.499786,0.745823,0.499965,0.499977,0.499879,0.545735,Null
2,leg,1,0.500386,0.500756,0.74792,0.500019,0.500061,0.499909,0.489876,Null
2,leg,1,0.498727,0.500917,0.745611,0.499718,0.500126,0.500216,0.50599,Null
2,leg,1,0.499821,0.501135,0.744847,0.5001,0.499675,0.500011,0.497832,Null
2,leg,1,0.499737,0.500266,0.745018,0.499888,0.499507,0.49969,0.514177,Null
